་,280177030
ས,55060990
ག,39687376
ད,38861279
།,36316379
བ,35864125
ང,33838185
ན,32763697
པ,28095931
མ,27523832
ར,22185810
ལ,19958876
འ,16900923
འི,12619534
དེ,6561616
དུ,6031080
ཀྱི,4744878
སུ,4160297
ཞི,3921034
པོ,3887966
བྱ,3663839
ཉི,3613997
ནི,3550884
ཡི,3461834
སོ,3356855
གྱི,3281887
མི,3236874
རྣ,3129949
དོ,3050605
རྒྱ,2905232
ཡ,2866473
ཅ,2864588
ཐ,2751603
མེ,2748971
ཆོ,2584137
གི,2454407
འོ,2295646
ཞེ,2291081
རི,2172014
ཅི,2162291
བུ,2119885
ཆེ,2090847
ཤེ,2016982
ལྟ,1999863
ཕྱི,1895906
སེ,1866762
ཡོ,1811309
བྱེ,1801978
ཚ,1750690
ཁ,1738469
གོ,1736709
ཏེ,1688640
ངོ,1687990
དི,1656444
ཞ,1617721
གྱུ,1572274
རྗེ,1517401
ཐོ,1509466
ཏུ,1469637
༔,1441491
སྟེ,1403883
མོ,1332251
རྒྱུ,1324918
ཁོ,1321822
ཆ,1321548
ཚོ,1316899
སྐྱེ,1297465
ཐུ,1233268
ཀ,1232800
སྟོ,1188793
བོ,1177030
ཤ,1159027
ཟ,1156168
བྱུ,1131886
གྲོ,1088239
ཆུ,1078983
ལོ,1062583
ཏ,1062572
ལུ,1049491
ཀྱ,1027995
ལྷ,1025176
ཤི,992925
རོ,982357
ཕ,977267
ཀུ,964836
སྣ,962561
ལྡ,943084
སྐུ,927273
བྲ,923675
གེ,913109
གྲུ,895734
ནོ,886531
སྟ,877116
སྔ,870281
ཇི,869434
ཞུ,846051
ཉ,842403
སྐ,827366
ཚུ,821230
ཟུ,797069
སྒོ,782060
རྡོ,775869
རྟ,775285
ཅུ,766800
དྲ,750467
ཡུ,712239
ལེ,708734
ཛི,708671
ཙ,697484
རྟེ,696837
རྟོ,691240
བླ,682931
ཡེ,648207
ཚེ,632087
ཅོ,627304
བྱི,626329
སྒྲུ,622179
རེ,611025
ཏོ,609869
གྲ,609132
ལྔ,607204
ཉེ,603050
རྩ,599329
ཛ,586992
རུ,570696
ཁྱ,554379
སློ,553960
ཕྱ,552173
སྡུ,548300
གུ,532624
ཚི,518524
རྫོ,498288
ངེ,489948
ཅེ,486997
སྤྱོ,470129
བྱོ,454627
སྙི,445942
ཕུ,440653
དྲུ,436571
ཇུ,432978
ཕྱོ,426541
ནུ,419093
རྗོ,418908
ཟླ,404994
སྦྱོ,388227
དྲི,381960
ཁྱེ,378551
སྲི,373616
ཟེ,366743
སྔོ,350979
ཏི,343491
ཟི,337398
སྦྱ,328004
བློ,326057
྾,322810
སྙ,319334
སྐྱོ,314708
སྒྲ,311820
ཁྲི,304220
ཆི,303218
ཐེ,302925
སྤྱི,300122
ཨ,294939
ཕྲ,292311
སླ,279063
ཐི,269475
ཿ,267742
སྤ,266161
སྐོ,263752
རྩེ,262807
ཁྱོ,262336
ཁྲུ,261316
༑,247238
སྨྲ,245556
ཨོཾ,245400
ཀོ,244778
སྡེ,237719
རྩི,237136
རྩོ,233443
རླ,233021
ཕོ,231756
ཁྲོ,229010
སྒྱུ,227595
སྤྱ,226012
ཙུ,223866
བྲེ,223255
རླུ,223201
སྦྱི,222165
པེ,219128
ཤོ,212432
ཙོ,211914
སྡོ,210573
སྐྱ,206644
མུ,206580
ཇ,202489
སྲུ,202432
འུ,201859
ཨཱ,197117
བྲི,194986
དྲེ,192480
སྲོ,190802
སྙེ,190688
ཇོ,189226
ཉོ,187537
ཤུ,186589
ཕྱེ,185728
སྤྲོ,178522
རྫ,177852
སྒྲོ,177471
སྨ,177218
དྨ,174474
ཟོ,174275
ཕེ,172856
སྒྲི,172609
སྲ,172162
སྤྲུ,169651
གྲི,167796
སྨོ,166853
ཛོ,165251
ཕྲོ,162109
རྐྱེ,159664
ཧཱ,159191
སྤོ,156326
ཁུ,156102
མྱ,152346
༄,149387
སྲེ,146047
གྲེ,145455
ཞོ,145225
༅,145213
ཕྱུ,143597
ལྷུ,141279
ཧ,139835
སྨི,137402
ཛྲ,136025
ཁྲ,133990
བེ,131430
ཁྱི,130196
ཀྲ,126385
༽,126207
ཟློ,126103
པུ,125910
ཕྲི,121933
ཕྲུ,120025
རྙེ,119924
སྣོ,118361
ཕྲེ,118234
སྡི,115210
མྱོ,112482
ལྟུ,112003
རྐ,107245
༼,105645
ལྟོ,105567
ལྡོ,104893
བྲུ,104343
སི,103906
ཀླུ,103478
གྱེ,102723
སྙོ,101154
གླི,100964
ལྕ,100643
ལི,99089
རྡུ,97664
སྡ,96665
ཛེ,94116
རྦ,93891
མྱི,93846
ཊ,93345
༴,93298
༡,90788
སྩ,90213
མྱུ,88059
དྭ,87113
རྨ,84855
ངུ,83768
ལྷོ,82422
༈,81219
རྡ,78205
རྒ,78163
སྭཱ,77806
ཧོ,76672
པྱ,76357
གླ,74823
རྫུ,74038
སྤྲི,73488
རྒོ,72040
སྐྲ,71784
ཝ,70992
མྱེ,69600
ཁྱུ,69505
བྷ,69450
༢,68362
ཤཱ,67906
རྨི,67594
རློ,67578
བི,66693
ལྟེ,66237
ཧེ,65507
དྲོ,65355
རྐྱ,65211
སྤུ,65176
དྷ,64370
ཀློ,63694
སྦ,62950
ཨེ,61934
པྲ,60763
གློ,58542
ཨུ,56925
སྐྱི,55977
ཛུ,55873
ཎ,54758
༣,54721
ཉུ,53481
སྤེ,52797
རྙ,52721
གླེ,52668
ལྗ,50975
ཀཱ,50244
ཧཱུཾ,49666
ཁེ,48277
ཀྲུ,47860
རྔ,47831
གྱོ,47826
ལྕེ,47600
ཨི,46335
ཀྱེ,46282
༤,45457
སྟི,45122
མཱ,44276
བྲོ,44256
གླུ,44133
ནཱ,43899
པྱོ,42933
བླུ,42563
ཙི,41965
རྨོ,41367
ཧྲཱི,39968
༥,39949
༠,39894
སྩོ,39190
ཧི,39125
སྤྲ,38804
སླུ,38262
ཀི,38244
རཱ,37092
ཎྜ,36901
ཀྱུ,36044
ཀླ,35704
རྟུ,35271
༧,35188
ཨོ,35033
གྲྭ,34514
སྦྲུ,34167
བྷི,33832
༦,33829
རྙི,33742
ལྡེ,33690
སྒ,32117
ལྗོ,31797
སྦྲ,31463
པཱ,31088
༩,30053
༨,29679
ཐཱ,29672
ཉྩ,29491
ཀྲོ,29346
ཏཱ,27643
རྗི,27399
སྟུ,27174
སྭ,27015
རྭ,26832
རྐུ,26581
སྐྱུ,26097
ཏྲ,25979
ཀྵ,25380
ཙཱ,25060
རྣོ,24522
ནེ,24505
སྦོ,24253
བྷྱོ,23974
སྣུ,23616
སླེ,23500
ཎི,22762
ཤྲཱི,22623
ཟླུ,22073
ཀྲི,21845
གྱ,21792
ཨུཾ,21690
ཝཱ,21341
ཛྙཱ,20888
ཀེ,20879
ཥི,20721
ཁཱ,20712
ཌཱ,20633
རྫི,20155
བཾ,20061
སྦུ,20044
ལྡི,19746
བྷཱ,19702
ཇེ,19651
ཧུ,19599
ཎྜི,19494
ལྕི,19132
ཙྪ,19117
རྡེ,18888
པི,18832
ཏྲི,18627
དྷི,18614
ཤྭ,18418
རཾ,18269
ཧཾ,17830
རྒུ,17735
ྈ,17452
སྐྲུ,17299
སྒེ,17083
རྩུ,16894
ཏྣ,16834
གྷ,16633
ཏྟ,16630
སྐེ,16538
ནྡྷ,16157
ནཱི,16108
དྡྷི,15804
དྡྷ,15737
ཚྭ,15474
ཏཱི,15216
ངྒ,15168
ལྐོ,15122
ཥ,14883
དྷཱ,14831
རྔུ,14757
པྱི,14601
རྩྭ,14581
སཾ,14405
སཱ,14337
ཀཱི,14193
ཏྤ,14185
ལཾ,14152
སྦྲེ,14097
ཊཱི,14017
བཻ,13965
ནྡ,13888
ཁྲེ,13803
བཱ,13600
ནྟ,13505
སྒྲེ,13444
ཀྟ,13295
ཡཱ,13019
སྨྱོ,12957
སྨུ,12835
མྲྀ,12717
ལྤ,12475
ཧྲི,12427
རྔོ,12283
པཱུ,12107
ལཱ,11385
ཝཾ,11157
ཁཾ,11003
དྲྭ,10999
རྒྷཾ,10831
ཞྭ,10803
ཙེ,10677
སྤྲེ,10674
ཥྛ,10574
ནྡྲ,10557
རྟི,10457
བྷྱ,10318
མྦྷ,10147
ཏྭ,9979
ཡཾ,9710
ཌ,9665
རཱི,9375
ཛྭ,9316
ཛཱ,9006
རྙོ,8848
པཾ,8807
ཀྲེ,8798
དྷཱུ,8772
དཱ,8574
རྱ,8468
བྷུ,8373
རྐོ,8355
སྣེ,8233
ཨཾ,8230
སྨྱུ,8035
རྨུ,8002
྅,7898
ཀྱཻ,7888
དྱ,7758
མཾ,7541
ལྕོ,7526
དྷུ,7521
ལིཾ,7411
ཨཱཾ,7287
སྨེ,7249
སྙུ,7191
རྨཱ,6941
ཊི,6925
སྒུ,6916
གྲྀ,6799
ཥྤེ,6553
སྟྭཾ,6541
དཾ,6530
ཀཽ,6523
གཱ,6401
༞,6344
ཀྲྀ,6313
དྨོ,6308
ནྱ,6122
ཀྴ,6048
ཀཾ,6034
གཽ,6020
སྨྲོ,6005
ཏྨ,5986
རྦྦ,5949
བྷཱུ,5867
རྨེ,5775
པྟ,5765
ཊྭཱཾ,5726
དྷེ,5688
ཧྱ,5673
ནྡྷེ,5534
ནཾ,5310
ཝི,5179
བཱི,4958
སྥ,4946
རྐེ,4921
ཥེ,4917
ཧུཾ,4898
སྨྲི,4814
རཱུ,4792
སྦེ,4756
སྱ,4749
ནཻ,4747
ནྟི,4695
སྒྱི,4685
ཧྞ,4559
ལཱི,4555
ཤཱི,4554
དྷཱི,4495
བྡ,4447
ཕྱྭ,4445
དྡྷེ,4426
ངྒཱ,4417
ནྟུ,4389
ཥྚ,4363
ཏཾ,4263
ལྐུ,4247
ནྲྀ,4195
ཏྲེ,4175
ཧཱུ,4131
ཛཾ,4112
ངྒེ,4089
ཀྵི,4074
ཝེ,4069
ཨཱི,4058
དཱི,4011
སྨྲེ,4003
ཉྫ,3860
ཌཱུ,3795
ཀྐ,3666
ཤཾ,3631
ལྡུ,3591
ཤྲཱ,3556
ཤྲི,3514
ཎཱ,3492
ཤཱུ,3463
རྀ,3461
ཏྲཾ,3442
ཉྫུ,3438
སྒྱེ,3396
རྫེ,3392
ནྟིཾ,3359
ཧྲཱིཾ,3343
ཋ,3319
ཏྱ,3314
སཱི,3278
ནྡྷུ,3259
ནྟྲ,3235
ཪ,3231
རྦོ,3209
མཽ,3128
མཱཾ,3120
བྷེ,3102
ཅྭ,3094
ཀྱོ,2995
དྨེ,2975
བྷོ,2919
མཻ,2914
དྱཾ,2887
སྐྲོ,2835
ཨཽ,2831
ཁྭ,2815
ལྗི,2807
དྡྷོ,2775
ཏྲཱཾ,2751
ཏྭཱ,2694
ཧྲིཾ,2688
གྷྣཱ,2681
རྞ,2680
ཧྲ,2640
ཤླཽ,2636
ཤྲ,2623
ཊཱ,2612
མྦུ,2612
སྟྭ,2597
ངྐ,2595
སཱུ,2590
ལཱུ,2585
ལླི,2581
དཱུ,2580
ཏཱཾ,2546
ཛྲི,2515
ཧྭ,2514
ཕེཾ,2503
ཌི,2495
དྱཱ,2492
ཧྲཱ,2475
ཏྲཱ,2472
ནཱཾ,2453
ཨཱོཾ,2453
ལྭ,2451
གྣ,2445
དྡྷཱ,2440
ཝཱི,2436
གྲཱི,2410
ཧྱེ,2395
ལྕུ,2365
ཧཱི,2327
རླི,2313
པྲི,2310
ཀྵེ,2300
ཥཱ,2286
བྷཾ,2278
ལྀ,2253
ཀྵུ,2250
གྷུ,2243
ནྡེ,2193
འྀ,2183
ཀྐི,2133
སྥོ,2115
ཏྟཱ,2094
ཌྷ,2083
པྲེ,2077
ཨཱུ,2068
རྵ,2064
ཛྲེ,2059
ལླེ,2026
གཾ,2004
ཎྱེ,1978
ཧྲུ,1976
སུཾ,1954
ཁི,1946
རྦྷ,1913
དྷྭ,1898
རྒྱོ,1849
སྦྲི,1844
ཕི,1842
ཤློ,1821
གྷོ,1816
མྲ,1815
གྷཱ,1810
ཛྲཱ,1805
ལྦུ,1802
ཌོ,1797
ཤྱ,1767
གཱི,1744
ཥྚཱ,1742
བྷཻ,1741
ཙྪི,1737
སྨྱི,1735
དྲྀ,1729
ཎེ,1724
བྱཱ,1718
ཨཻ,1714
ཉྫི,1710
ཛྙ,1698
ཎཾ,1693
མྦ,1690
བྷྲུཾ,1651
ཐཾ,1646
ངྷ,1636
ཎྜེ,1627
ཎཱི,1625
ཎྡ,1583
ཏཻ,1582
ཥྚིཾ,1566
ཛྷ,1563
མྲཱི,1556
བྷྲཱ,1554
རྠ,1535
ལྒ,1517
གྭ,1494
བྲྀ,1494
མྦི,1474
རྨྨ,1473
སིཾ,1440
རྡྷ,1437
ཥྚི,1430
དྲཱ,1425
རྫྙཱ,1408
ཡཻ,1405
ཧྣ,1395
སྷོ,1384
ཥྱ,1379
ཧྲྀ,1375
དྨཱ,1349
བྷྲཱུཾ,1344
སྱེ,1339
ཊྚ,1331
སཽ,1322
ཕཻཾ,1316
གྷི,1294
མཱི,1286
དྷོ,1279
ཤྩ,1272
རྡི,1255
ཀྲཱི,1253
ཥྞ,1243
ནྣ,1230
ཊེ,1225
ཀྭ,1188
ཐུཾ,1177
མཱུ,1175
ཛཱི,1172
ཎྱ,1166
ནྟེ,1160
ཛྲཱི,1151
རྦུ,1143
དྒ,1143
དྡྷཾ,1136
རཱྀ,1119
དྷྱ,1113
ལྷྭ,1110
ལྷེ,1102
ཙཽ,1102
སྨྱ,1083
ལྦ,1062
དྷྲྀ,1061
ཏྭཾ,1059
ངྐུ,1050
དྷྲི,1050
ལཱྀ,1045
པྲཱ,1042
ཧྨ,1039
ཋཱ,1038
ཀྵཱ,1031
དྱེ,1025
ཏྲོ,1024
ཀླི,1007
ཏྱཱ,1003
པྲོ,995
ཥྛི,991
འེ,987
གྣེ,983
ནྡཱ,981
ནྜ,979
ཀྵིཾ,970
པྡ,957
ཥྟ,955
རྴ,948
མྦྷི,939
ཥྱོ,931
ཀྵོ,927
དེཾ,915
ཛྫ,912
པྲྀ,910
ཀྨོ,910
ཅྭོ,905
ཎྜཱ,901
ངྟ,894
ཀྱྀ,893
ཥྨ,891
ཥྛཱ,889
ཎྚ,887
གྣི,883
སྐྲྀ,875
མུཾ,870
སྒྱོ,861
ཏྲཻ,861
རྷ,855
ཌོཾ,855
ཀེཾ,853
ཥྞཱི,852
གྷྣ,852
གྱྀ,851
ཏྲྀ,847
ངི,840
སྤྱུ,837
ཎཱཾ,822
ཨྠིྀ,815
ཊུ,796
དྭོ,794
ཁྲོཾ,790
བྷྲ,787
ཛྲིཾ,780
མྨེ,777
ཧྞེ,777
སྠཱ,776
མྲི,771
ཥྚཾ,767
ནྟཾ,766
ཌུ,761
༏,761
ངཾ,753
རྗ,746
ཏྒ,745
ལླ,744
སྭེ,742
སྣྲོ,738
ཀྶཾ,736
ཉྩི,734
ཏྭེ,730
ཥུ,726
ྋ,725
ཏྱེ,725
ཀྵཾ,724
ཥྤཾ,722
སྟཾ,720
རྴེ,719
རྦཱ,716
རྣཾ,715
ཛྭཱ,712
རྦྷེ,708
ཐཱི,706
ཥྤ,701
སྟཱ,694
ནྡྷཾ,694
གྷྲི,694
ཀིཾ,693
སྥུ,690
སྶ,682
ཀྟི,681
ལྱཱ,680
ཎྜཱི,671
ནྡྷོ,659
ཏྲུཾ,656
སྟྲ,648
རྐྱོ,637
བཽ,636
ནྡྷཱུ,636
དྭི,631
སྱཱ,631
ཥྞི,627
རྨྱི,625
ཧྲེ,621
ཌཱི,621
སྔུ,619
རྔེ,617
གྲཱ,614
མྤ,613
ཊཾ,603
ཉྭ,601
སྭོ,600
ཏྱཾ,597
སྠི,596
ཏྲུ,595
ཀཻ,592
སྠ,591
ཏྟི,583
ཏྟཾ,582
ཀྟོ,580
ཪྵ,576
ཙཾ,574
ཌྷོ,572
ནྲི,572
སྦྲོ,571
ཥཱི,569
སྨྲྀ,569
ཏྲཱུཾ,563
བྷྱཱཾ,560
ནྟཱ,554
ཏྲཱུ,550
ཧྞཱ,549
ཉྩཱ,545
ལཱཾ,545
ཎྚི,542
བྷཱི,540
རྱཱ,535
པཱཾ,529
ཙྪེ,528
གྷྲྀ,524
ནྡྲཱ,524
ཛྱེ,519
ཏུཾ,518
སྟཻ,516
ཝུ,515
ལྷི,512
ཌེ,510
ནྀ,507
དྭེ,507
ཥྚཱི,506
ཀྲཱ,501
གྷྲཾ,497
བྟ,492
ཀྴི,491
ཧླ,487
བྷྲི,485
ཤྲེ,481
ཛྲཱིཾ,478
གྷྲ,478
ཡོཾ,477
ནྡུ,476
ཏྲཱི,474
ཀྐོ,470
མོཾ,469
པཱི,466
ཨིཾ,466
ཧིཾ,453
སྤྱྀ,450
ཤྩི,449
བྷྲྀ,447
ཥྟཱ,444
རྨྱ,443
ཛྲོ,442
ཊོ,439
ནྱཱ,437
ཪྴ,437
ནྲཱི,434
ནྡོ,433
རྑྷཾ,432
ཌཾ,428
ཕྱྀ,427
བྷྱཱ,427
སྨཱ,426
རྒྷ,426
མཱུཾ,426
ཊྭ,425
ཊྭཱ,425
ཟྭ,422
ཏྐ,415
ཥྐ,412
ཐྲ,411
ཀླེ,408
རཽ,407
ཕྲེཾ,406
སྦི,403
པཽ,403
བྲུཾ,402
ཥྚཱཾ,401
རྨྨཱ,397
རྤ,396
ཥོ,395
ཞྀ,392
ཊྭཾ,392
ཉྀ,389
ཀྵྞ,388
གྷེ,386
ལྱ,385
བླཽ,377
རྞྞ,376
ཁཱི,376
ཊཱཾ,374
གྷཾ,374
དཻ,374
ཡཱུ,368
དྲུཾ,368
ཨྱཻ,367
ཨཽཾ,366
སྲྀ,364
ཙྱཻ,362
མྦཱ,360
ཏྣེ,360
ནྟོ,359
ཥྟིཾ,359
ཅྀ,353
དྷཾ,353
ཥྞུ,352
དྷྱཱ,350
བྱཾ,349
ཧཱཾ,345
ཤྲུ,343
སྣྲེ,343
དྡྷྱ,338
ཨེཾ,336
སྐཱ,330
ཥྱཱ,330
ཪྱ,328
ཧཻ,327
ཤྨ,325
ཀྩི,324
ཀྵུཾ,323
ཡུཾ,322
སྦྲཾ,322
ཙྭ,318
ཅྡོཾ,315
ཀཱུ,314
ཡྀ,310
ཙཱི,308
ཧྥ,306
ངྒི,305
གྲཱྀ,304
དྭཱི,301
ཥྚྲཱི,300
དུཾ,297
་༵,294
ཏྨཱ,293
ཪི,292
ངྔྷ,292
ཀྵྨཱི,287
སྐྲི,286
རཻ,286
ཙཱུ,286
ཛྷཻཾ,286
སྱཻ,285
ནྡྷཱ,284
ནྡྷི,283
ཏྱུ,282
ཤྭཱ,281
པྟེ,280
ནྣི,276
ངྒྷ,275
࿚,275
ཎུ,274
ཏྟེ,271
དྷྭཾ,271
ཌྱ,270
ངྒུ,268
ཙྪཱ,267
ཨྱེ,267
སྨཻ,266
གྷྲཱི,265
དུུ,264
དྒེ,264
རྗཻ,261
ངྷི,259
ཤྱཱ,259
པྲཾ,259
ཏྶ,258
རྵཱ,258
ཉྙཾ,257
བྱཻ,256
ཏྠ,256
ཌྒ,255
ནྚ,255
ཧྲོ,254
ཊྚེ,252
ཀྟྲི,251
ཛྷཻ,251
གྀ,250
རྒྭ,250
ཥྭ,249
ཐཻ,249
ཝོ,247
རྟཱ,245
པྤ,245
རྞཱ,244
ཏྱཻ,244
སེཾ,241
ནྶ,241
ཀུཾ,240
ཆྒེ,240
དྀ,239
ཎོ,239
སྔཽ,239
ཥྟི,238
སྟྲི,236
ནཽ,236
རུཾ,235
རྡྷཱ,235
རྫྫ,233
མྦྷོ,232
བཱཾ,232
མྀ,232
རྟྟ,231
བུཾ,230
ལླཱི,230
ཏྤཱ,229
དྦྷ,228
ཀྵཱི,228
སྥཱ,227
ནྟྲི,225
ཊྚཱ,225
ཏྐཱ,224
དྷྲུ,224
གྷྣཱཾ,222
དྷྲཱི,220
ཨཱེ,220
སྒྱ,219
ཕཱ,217
ནྡྲི,217
ཕྲུཾ,216
ལྱེ,214
ཤྭེ,214
ཀྭི,214
སྟྲཻ,214
སྣྲུ,213
སཻ,213
ཁྱཱ,213
ཡཽ,212
ཀྲཾ,212
ཀྑ,211
སྟྲཱི,210
དྒཱ,210
ཡཱཾ,208
ཊྲ,207
ངྷཱ,205
ཥྟཾ,202
སྤྱཽ,201
ནྚི,201
འཾ,200
གྲཾ,200
ཙྪུ,199
ཤཽ,199
ཚཱ,198
སྟཱཾ,197
ཧཽ,197
ཎྞ,196
ནྠ,196
དྭཱ,196
ཛིཾ,196
ཀྱཱ,195
ཥྞཱ,193
གྲཽ,190
ཥཾ,189
བྲཱ,189
ཡཱི,188
ཛྙེ,187
ཧྲེཾ,186
དྲཱི,184
སྒཽ,183
པེཾ,183
རྦྦཱ,183
ནྨ,182
བཱུ,180
རྦེ,180
ཥྚོཾ,179
ལྤཱ,178
སྐྱཻ,178
དཱེ,178
རྦྷུ,178
བིཾ,176
རྟྟི,175
ཎྜོ,173
ཛྱོ,173
༑ྀ,173
ཪེ,172
སྨིཾ,172
རིཾ,171
མྤུ,171
ཛཱཾ,171
རྟཱི,171
ཧཱིཾ,170
གཻ,169
ཧོཾ,169
ལྤོ,168
ཧྣཱ,167
སྲུཾ,167
ཕཾ,167
པྟཱ,166
ཌྜྷ,165
ཀྵྨ,163
ཀཱཾ,163
ཧྥུ,162
ཤྀ,162
ཀྐུ,162
ཥྟཱི,162
སྐཾ,162
སྦྱྀ,162
ཋི,162
ཏིཾ,161
དཽ,161
སྱཾ,161
མཻཾ,161
ཀྵྱ,160
ནྱེ,159
ཊྚི,159
ཤཻ,158
ཧྲཽཾ,157
མྦཱི,156
མིཾ,156
དོཾ,156
བྲཱུ,155
ཚཾ,155
ནྜི,154
རྞི,154
ལླུ,154
ཆྀ,153
པུཾ,153
རྦི,152
ཞཻ,151
དྱུ,151
ཏྭི,151
ཛྙོ,151
ཙྀ,150
ནྡི,150
པྱཱ,150
ཧྲཱྀ,150
དྷྱེ,149
ཥྚོ,149
ཛྱ,149
ནྭ,148
རྣི,148
ནྟཱི,148
པྤེ,148
ཏྣཱ,148
འིཾ,148
སྣཱ,148
དྷྭི,148
མྨུ,148
ཥྨཱ,147
ཤྱཾ,146
ངྐཱ,145
བྷྱཾ,145
རྵེ,145
ཎྱཻ,145
གྷྲཱ,145
ཌེཾ,142
གྱིི,141
ཉཱ,141
ཏྶུ,140
ནྡྲེ,140
ཀྲུཾ,140
བྲཾ,139
ནཱུ,139
རཱཾ,138
ནྣཱ,137
པིཾ,137
ཧྭཱ,137
ཀྟཱ,137
སུུ,137
རྗུ,136
ཤྲྀ,136
སྦྱཽ,136
རྠི,136
བུུ,135
རྫཽ,135
ཛྷི,134
ཥྠ,133
ཀྟྭཱ,133
མྲཱ,133
ནྱོ,131
ཆུཾ,131
འིི,130
ནིཾ,130
ཝཱཾ,130
༉,129
ཛྫི,129
འཽ,129
ཌྷི,129
ཥྚེ,128
བྷྱེ,128
རྒྱཾ,128
རྦཾ,128
རྒེ,127
ངྷུ,127
ནྠི,127
ཏྭཱི,127
རྣྲི,127
ཌྜྷྱ,127
ཀྐཱ,126
ཁྲཽ,126
ཏཽ,125
ཙྩ,124
ངྷཱུ,124
ཌྱཱ,124
ཥྩ,124
ཥཱཾ,123
ཀྱིི,123
ཀྟེ,123
སྤཽ,123
ནྨཱ,123
པྲཱི,123
ཧྣེ,122
ཕྲོཾ,122
ཡྱ,122
ཤྲཱིཾ,121
རྞེ,121
ལཽ,120
ཆྒཻ,120
ལྐ,119
དིཾ,119
དྱོ,119
སྡཻ,119
གྲྱ,119
མྨ,118
ཉྫཱ,118
གྷཱུ,118
སྤྲཽ,117
གྣཱ,117
རྡཽ,116
དྱཱཾ,116
མྱྀ,115
ཏྲིཾ,115
ངྔྷི,115
མྦྷེ,115
ཀྲཱྀ,115
སྡྱཱ,115
སཱཾ,114
དྷྭེ,114
ཇིཾ,114
ཆོཾ,114
སྡཽ,112
རྦྷཱ,112
ཏྭཱཾ,112
རྱེ,111
ངྑ,111
ཐཱཾ,111
ཕྱཻ,111
ཕྲཻཾ,111
པླུ,110
མྦྷཱ,110
པྟི,110
སྡྱ,110
ཥྟུ,109
ཤྭོ,109
དྟ,108
ཧྭཱཾ,108
ནྜེ,108
མྦྷུ,108
གུཾ,107
སྤྲྀ,107
ཀྵྨཱཾ,106
ཀླྀ,105
མྦོ,105
ནྲ,104
ཙཻ,104
སྙྀ,104
བྱྀ,104
ཌྷཱ,104
པོཾ,103
མྤྲ,103
ཕུཾ,103
ལཻ,103
ཉྪ,102
སྟཽ,102
བྷྲུ,102
ཀྟཾ,102
ཌྜ,102
ཀྵྨཾ,101
ཐླྷིཾ,101
ཎྛ,101
ངོཾ,101
ཧྲཾ,101
བྲཱི,100
ཤྲཱྀ,100
ནྱཻ,100
ཥྚུ,100
ཕྱཽ,99
ཀྲིཾ,99
ཏྶཱ,99
ངྔྷེ,98
ཥྛཱི,98
དྷྲ,98
ཁྲཾ,98
ཡེཾ,98
བློཾ,98
གླཽ,97
ཅོཾ,96
ཉཾ,96
བྷཱུཾ,96
ཧྥེ,95
ཎྚེ,95
རྶ,95
ཆཻ,94
པླ,94
ཤྱེ,94
པྱཾ,94
གྨོ,94
བྷྲཾ,94
ཟཾ,94
ཙྱ,94
མེཾ,94
ཏྟྲ,93
ངྔྷོ,93
རྟཻ,93
ཁྱཻ,92
ཁྲྀ,92
ཛྷུ,92
ཊྱ,92
༐,91
སྤྱིི,91
ཧྨཱ,91
ཋུ,91
ལྗེ,91
སྐྲཱི,91
ཧྲཱཾ,91
ཐྲི,90
ངྱ,90
ཡིཾ,90
སླཽ,90
ཤྲིཾ,90
བཱཻ,90
ཤིཾ,90
དྣ,89
ཎྀ,89
སྐཽ,89
བྷྲིཾ,89
ཨྱོ,88
ཁཽ,88
སྟྲཱ,88
ཇཱ,87
རྗཽ,87
ཧླྀ,86
ཆེཾ,86
ཎྜུ,86
ནྫ,85
ཤཱཾ,85
ཪྠ,85
རྑ,85
ཁཱཾ,85
ཡཱེ,85
ཀྵྨི,85
རྣྲྀ,85
ཀྵཱཾ,85
ཨཱིཾ,85
དྒྷ,84
རྠཱ,84
ཀྐེ,83
པཻ,83
རྟཽ,83
ཐིཾ,83
གྷུཾ,82
ཀྲེཾ,82
གྷྣཾ,82
རྚ,81
བཱེ,81
ངཱ,81
ཕྱིི,81
ཀྵཱིཾ,81
སྟཱི,81
ཛྙཽཾ,81
གྱཾ,80
རྠེ,80
ཀྱིཾ,80
ཁྲེཾ,80
བྱཱུ,80
ཌྷཾ,80
ངྐི,79
པྟིཾ,79
ལླྀ,79
མླྀ,79
སྡྱི,79
ཤྨི,79
གྒ,78
བྷྀ,78
ཇྀ,78
རྒཾ,78
ཀྵྨེ,78
༒,78
སྫ,77
སྐུུ,77
ཏཱུ,77
ཁུཾ,77
བྱཽ,77
ཉྫེ,77
ལྐཱ,77
བྷཽ,77
ཛཻ,77
ཧྣི,77
ཛྲཾ,77
ཥྚྲཱ,77
ཀྵཱུ,77
ཧྲོཾ,77
ཀྨ,76
དཱཾ,76
ནྷ,76
ཙྪོ,76
ཤྭི,76
སྒྲཽ,76
ཛྷཱ,76
གྷྱ,76
ཪུ,75
རྡྷེ,75
ཐྭཱི,75
གྷཱི,75
ཤྲོ,75
ཕཱུ,74
རྟྲྀ,74
ཞཾ,74
ཚོཾ,74
ཥྱེ,74
སྭི,74
ཧྱཱ,74
མྭ,73
སྦྲཻ,73
ཨཱོ,72
ཐྱ,72
དྡ,72
ཞིི,72
ཕཻ,72
སོཾ,72
གྲུཾ,72
སྟྲཾ,72
ནྣཾ,71
ཤྩཱ,71
ཕྲཽ,71
ཌྷྱ,71
སྤི,70
སྟྱ,70
རྐཱ,70
ཀྟྭ,70
སྣི,70
གྷཻ,70
ཅིཾ,69
གྶ,68
དྡྷུ,68
ཥྟྲཱི,68
བྷྱི,68
རྒཱ,68
ཕྱཱ,68
ཉྤ,68
དྷྱཾ,68
རྣེ,67
ཛྫཱ,67
མྦྷཱི,67
དྲཾ,67
ལྟི,66
ཏཱེ,66
སྩཽ,66
དྷཽ,66
ཐྀ,66
ལླཱྀ,66
བྷྱཽ,66
ཌྷུ,66
ཛྙཱི,66
ཤེཾ,66
ད༵,65
སྱོ,65
རྩཻ,65
ཎྱཱ,65
རྤཱ,65
མྦཱུ,65
ཧླཱྀ,65
དྭཻ,65
ཧཱོ,64
དྤ,64
ཪྵཱ,64
ངཽ,64
ངྷཱི,64
སྠུ,64
ཏྀ,64
འུཾ,64
ཛྱཻ,64
ཛྲྀ,63
ཏྟྭ,63
ཞིཾ,63
ཏྲྱ,63
རྐྱཻ,62
ཧླཱ,62
གཱཾ,62
ཧྨེ,62
སྲཱ,62
བྲཻ,61
པྣ,61
བྡྷ,61
དྡྷཱི,61
࿁,61
ཪྤ,61
རྐི,60
དྷཱཾ,60
ཛྱཱ,60
ནྟྱ,59
ཥྟཱཾ,59
ཥྩི,59
རྟྲ,59
ཐོཾ,59
ཨྀ,59
སྶཾ,58
ཉྩོ,58
གྲཻ,58
བྱཱཾ,58
གླཱ,58
རྠཾ,58
ཁྲུཾ,58
ཏྠཱ,57
ནྣེ,57
རྩཱ,57
ཪྭ,57
ནྜཱ,57
བྀ,57
ཏུུ,57
ཏྦྷ,57
ཏྭོ,57
ཧྷ,57
སྩྱཽ,57
ཨཻཾ,57
ཧེཾ,57
ཅཱ,56
རྒྱུུ,56
གྨ,56
ནྟྲཱ,56
རྱཻ,56
པྶ,56
གོཾ,56
ཊུཾ,56
ཛུཾ,55
བྦ,55
རཱེ,55
ཛཱུ,55
ལྡཻ,55
དྷྀ,55
ལྟཾ,55
གེཾ,55
ལུཾ,55
གྴ,54
སྠཱི,54
ཪྴེ,54
ཧྱཾ,54
ནྭཱ,54
ཥྚྲཱྀ,54
གྲོཾ,54
ཌཻ,54
རྙྀ,53
རྩྀ,53
རྱཾ,53
ཏྱི,53
བྷྱུ,53
དྷྭཱ,53
དྲཱུཾ,53
ཨཱཻ,53
རྐྐ,53
ང༵,52
མྦེ,52
དྷྱཻ,52
ཛྙི,52
རྗེཾ,52
གྟ,52
ཕཱི,51
སྙཻ,51
ཀྲཱུ,51
རྡྷཾ,51
སླྀ,51
རྡྡ,51
ཅཱུ,51
ཥྀ,50
དྷྲཱྀ,50
ཏྲཱྀ,50
སྨཱི,50
ཧྱི,50
ངྴ,50
ངཻ,49
ཥྵ,49
ཕྲཾ,49
ཛྷཱི,49
གཱུ,49
ཌཽ,49
གིཾ,49
མྨཱ,49
ལྱཾ,48
ནྠཱ,48
ངྒྷཱ,48
ངྔྷཾ,48
ཕཽ,48
བྷྲཱུ,48
ཆཽ,48
རྣཱ,48
རྒྷཱཾ,48
࿌,48
ཌཱཾ,48
ཐཱུ,47
རྒྱེ,47
ཀཱེ,47
ལཱེ,47
སྦྱིི,47
སྨཽ,47
ཀྵླྀ,47
ལྒུ,47
དྡྷིཾ,47
སྐྱཽ,47
ཅཻ,47
ཐྱེ,47
པླྀ,47
བེཾ,47
དྷཻ,47
ནྱཾ,47
རྦྦེ,47
ཟུཾ,47
ཛྷཾ,47
ཛྙཱཾ,47
པྤུ,46
ཥྚྲ,46
ལྨ,46
མྱཾ,46
སྐྲེ,46
བྡྷོ,46
གུུ,46
འོཾ,46
ཉིཾ,46
སྟྭཱཾ,46
རྒི,45
ངྐེ,45
ཚྪ,45
ཀླཱྀ,45
ཏྑཾ,45
པུུ,45
དྒུ,45
ྊ,45
ཀྵཽ,45
ཌྱི,45
ཨཱུཾ,45
བླླ,44
ངྒཾ,44
ངྔྷཱ,44
དྡི,44
ཙྭི,44
ཀྵླཱྀ,44
ཌྷཱི,44
ཡ༷,43
ཚཱུ,43
བཱོ,43
ལླཱ,43
ཎྱཾ,43
ཝཻ,43
ཉཱི,43
ཎཽ,43
སྲཾ,43
ཤིི,42
སྒི,42
ནིི,42
ཥྱཾ,42
ཏྤུ,42
ཚཽ,42
རྞོ,42
ཌྷེཾ,42
ཎཻ,42
ཁྱཽ,42
ཧྭེ,42
ཛྙཱོ,42
ཕྲིཾ,42
རུུ,42
ནྩ,42
དྷྨ,42
རྐུཾ,42
ཥྨི,42
ཙྪཾ,41
ཀྞི,41
སྶུ,41
ལློ,41
ཧྣུ,41
ལྟཻ,41
ནྚེ,41
ཏྱཱཾ,41
རྞཾ,41
སྣཾ,41
ལྤེ,41
རྦྲྀ,41
ཀྱཾ,41
བྲེཾ,41
ཏྤཱུ,41
ཁྲིཾ,41
ཙུཾ,41
ཧྥི,40
ཉྱི,40
སྣྲ,40
ཁཱུ,40
ཤྴ,40
སྲཽ,40
ཧྭཾ,40
ཁྱྀ,40
ཌྷྲྀ,40
མྱཱ,40
དྷྲཱ,40
ལྡཾ,40
ཀྩེ,40
སྷ,39
ཎྜཾ,39
ངྒཱི,39
མྤི,39
ཉིི,39
རྡྷི,39
ཛཽ,39
ཛྙཱེ,39
ཀླཾ,39
ཛྷེ,39
ཧྀ,39
རྟྱ,39
ཏྟོ,39
ཇཾ,39
ཏྣོ,39
དྱི,38
ཥྛཾ,38
སྶཱ,38
ཋཾ,38
ཕྲཻ,38
ཥྛེ,38
རྩཽ,38
ཛྀ,38
ནྟྱཻ,38
གྷཱཾ,38
དྱཻ,38
དྦ,38
ཛྲུཾ,38
རྒྒ,38
ཌྷེ,38
སྨྲཱི,38
མྤཱ,38
སྔེ,37
ཝཱུ,37
ཙྱུ,37
རྫྙ,37
ཌྀ,37
ཥྟོ,37
ཧྱཻ,37
གྨེ,37
ཆཾ,37
རྑཾ,37
ཐྩོ,36
ལྦེ,36
་༷,36
པྱུ,36
མིི,36
ཤྣ,36
རྔཽ,36
ལྤི,36
བྲཽ,36
ནྦྷ,36
སྟྱཻ,36
བྷཱཾ,36
རྞྞི,36
ཎཽཾ,36
ཀྞ,36
ཛྱཾ,36
ཛྙུ,36
རྵྱ,36
དྦྷྱ,36
དྦྷྱཱཾ,36
ཏྣཾ,36
ཏྶྱ,36
སྀ,35
རྣུ,35
ཏྟཱི,35
ཉྩུ,35
ཚཻ,35
དྷྨཱ,35
དྨཾ,35
ཁྑ,35
ཤླེ,35
དྦྷི,35
རྩྪ,35
སྨྀ,35
བོཾ,35
གྣཱི,35
དྷཱེ,35
རྒྷོ,35
བཻཾ,35
རྡཱ,35
ཥྚྲི,35
བྷུཾ,35
ལཱོ,34
ཡིི,34
བླེ,34
སྲཻ,34
དྭཽ,34
ལྐི,34
ཥྠི,34
ཏྟྱ,34
སླཱྀ,34
ཊྀ,34
རླྀ,34
སྠེ,34
རྵི,34
པྟཾ,34
ཀྶྱ,34
སྔཾ,34
ཀྵྨཱིཾ,34
དྷེཾ,34
ཤྠ,34
ཀོཾ,34
རིི,33
པྱེ,33
སྫི,33
རྙཻ,33
ཧཽཾ,33
སྦཽ,33
དྲཻ,33
ཕིཾ,33
ཀྵྨཱ,33
ཀྵེཾ,33
ཏྟཱཾ,33
ཀྶ,33
རྫཱ,33
ཡཽཾ,33
ལྒོ,33
རཱོ,32
ཉྙ,32
དྡཱ,32
མཱེ,32
ཀྵཻ,32
ཪྵེ,32
ཏྶི,32
ནྡྷྱ,32
དྡྷཱུ,32
ཧྲཱུཾ,32
རྒྷཱ,32
ནཱེ,32
ཛཱིཾ,32
ནྶུ,32
དྷྱུ,32
སྭཾ,32
དྲིཾ,32
༆,31
སྶི,31
ཐཽ,31
ཀླཽ,31
སྭཱི,31
དྨི,31
གྣཾ,31
སྡེཾ,31
རྡོཾ,31
ཁིཾ,31
དྲཽ,31
࿉,30
ཁཱོ,30
སྱུ,30
ཉྩེ,30
བླི,30
ཏྟུ,30
ཉཻ,30
རྨྀ,30
བྦྷ,30
རྦཱི,30
སྟཱུ,30
ཤྟུ,30
རྨྨེ,30
ཁྱཾ,30
རྞྞཱ,30
ཎྚཾ,30
ཉྲ,30
གྱིཾ,30
དྲེཾ,30
ངྴུ,30
ཎྡི,29
ཞཱ,29
ཙྩཱ,29
ཊཱུ,29
།ྀ,29
ཚཱི,29
རྫཻ,29
སྠཱུ,29
ཨཱཽ,29
ཧྲུཾ,29
ཀྐཱི,29
གྲུུ,29
རྦྲ,29
ཏྣི,29
ཀྟྲ,29
ཧཱེ,29
ཏྱཱི,29
སྩུ,29
ལེཾ,29
དྒི,29
ཧྥོ,28
སླི,28
ཅིི,28
སྟྲེ,28
ཅུུ,28
སྟོཾ,28
འིུ,28
ཎྜྀ,28
སྟྲྀ,28
དྦྷུ,28
ཀྟུཾ,28
ནྤ,28
དྷྱི,28
ཥྚཱྀ,28
ནྡྲཱི,28
དྠ,28
ཪྱཱ,28
འྲི,27
སྦྱེ,27
སྱི,27
ཀཱོ,27
ཟཻ,27
ཪྞ,27
ནྭཱི,27
པླཱྀ,27
ཛྲཱྀ,27
རྟྀ,27
རྴི,27
ཛྙཽ,27
མྣཱ,27
ཎྡྲ,27
རྨྨི,27
མླེ,27
རྭི,27
ཥཱུ,27
རྟཾ,27
སྒོཾ,27
ལྦོ,27
ཏྱོ,27
ཛྷེཾ,27
ཤྩོ,27
ཥྚྀ,27
བྲཱུཾ,27
བྷྲེ,27
འྲ,26
ལྩ,26
ཏྠཾ,26
ཐྭ,26
དྡེ,26
གིི,26
ནྡཱུ,26
མྷ,26
གྱཻ,26
ནྶི,26
བྟེ,26
ཚྀ,26
སྱཱཾ,26
སྠཾ,26
ཨུུ,26
དྡྷྀ,26
ཎྚོ,26
ཉྫཱུ,26
ཏྲཱིཾ,26
ཅཾ,26
བླློ,25
ཡྱོ,25
༜,25
སཱོ,25
ནྡཱི,25
ལྟཽ,25
རྴུ,25
ཋཱུ,25
ཕྲྀ,25
ཛེཾ,25
གླྀ,25
ཛྷིཾ,25
ཤུུ,25
ཤྨཱ,25
ཡུུ,25
ཤུཾ,25
ནྷེ,25
ཉྫོ,25
པྲཱྀ,25
སྲཱྀ,25
བྷྲཱི,25
སྟྭི,25
མླཱ,25
རྞྞེ,25
ཏླྀ,25
དླ,25
ངྱཱ,25
རྤུ,25
སྨྱེ,25
ལ༵,24
ཋེ,24
བྫ,24
སྣཽ,24
ཤྚ,24
ཊཽ,24
ཝྱཻ,24
བྡྷེ,24
རྦྷྱ,24
་ྀ,24
བྲཱྀ,24
ཌྒེ,24
སྭཱཾ,24
ཥྤཱ,24
རྟྟཱ,24
ལླཱེ,24
ནྡྷཻ,24
ཟྀ,24
རྦྷི,24
ལྷུཾ,24
ཙྱཱ,24
པྣི,24
ལཱིཾ,24
ཀླཱ,24
ཥཽ,24
གྨི,24
གྲྱུ,24
པྱཱཾ,24
ནྟྲྀ,24
ཏྤྲ,24
ཐྱཱ,24
ཀྣ,24
ཏྶྨ,24
ཚུཾ,24
ལྷཾ,24
ནྫུ,24
རྨཱི,24
ཧཻཾ,24
ཀྟུ,24
ཙྱེ,24
ནྡྲོ,24
ཆྱེ,23
སྫོ,23
ཐུུ,23
ཀྀ,23
ངྔྷྱ,23
ཀྵླ,23
ཛྙཾ,23
ལྡཽ,23
སྤྲཻ,23
གླཻ,23
རྦྷཱུ,23
དྲཱྀ,23
སྒྲྀ,23
སྤཻ,23
ཁྑཱ,23
ཀྤ,23
ཀླཱི,23
མླ,23
ཀྴཱ,23
ཥྟེ,23
མྦྷཾ,23
བྡཱ,23
གྷྣི,23
ཁཻ,23
ཨྠི,23
ཁཱེ,23
རྒྱི,22
ཌྜི,22
ཏྨྱ,22
ལྱཻ,22
སིི,22
བྷཻཾ,22
དྷྲཱུ,22
ཟླུཾ,22
མྱཱཾ,22
སྒྱཻ,22
སྒྲཾ,22
ཀྵྀ,22
སྤྱེ,22
ཊཻ,22
གཱཽ,22
ངྷྭ,22
ཎྞི,22
ཀྠ,22
དྷུཾ,22
ཀཽཾ,22
ཊྶུ,22
ཏྟྲི,22
རྩྩ,22
རོཾ,22
རྦྦཾ,22
ཏིི,22
བྷྭ,22
ཁོཾ,22
རྩྱཽ,22
ཚེཾ,22
ལྦཱ,22
ནྟྲོ,22
བ༵,21
ཎྷཾ,21
སྐི,21
པྲུ,21
ནྡཾ,21
ཀྲཽ,21
ཏྐཱི,21
ཀྟྲེ,21
རྔྷ,21
ཆུུ,21
སྭཽ,21
ནྫི,21
སཱེ,21
ཌྷཽ,21
སྭཻ,21
ཌྷྲ,21
མྶ,21
ཕུུ,21
བྡྷི,21
ཙླྀ,21
ཥྤུ,21
ཪྨ,21
ཕྱིཾ,21
རྩེཾ,21
བྷེཾ,21
དྭཾ,21
༁,21
འྤྱི,20
ཎྞཱ,20
ཙྩི,20
ཥྦེ,20
ཊྒ,20
པྲེཾ,20
རྵཾ,20
ངུུ,20
རེཾ,20
བྷྱཻ,20
ནྱུ,20
མླི,20
ནྭི,20
དྷིཾ,20
རྒྱཱ,20
ཛྭོ,20
ནྟཽ,20
སྤཱ,20
ཁེཾ,20
ཏྟྭཱ,20
ནྷུ,20
ཀྵྞཱ,20
རྞྞཾ,20
ནོཾ,20
ཪླ,20
བྟི,20
ཥྚྲཱིཾ,20
ཛྲཱེ,20
བླཾ,20
ཀྴུ,20
ཥྚྲོ,20
ཛཱེ,20
སྐྭ,19
ཤྐ,19
ནྱི,19
ཀྷ,19
གྒཱ,19
རྷི,19
དིི,19
སྦྱུ,19
ངྐྲི,19
ཟླཽ,19
ཏྶྭ,19
ནྟྲེ,19
རྠོ,19
ནྛེ,19
རྐཽ,19
སྲཱི,19
ཙཱཾ,19
ཀྲོཾ,19
ཕོཾ,19
ཝྀ,19
ཀུུ,19
ཎྲྀ,19
དྷཱྀ,19
ཞུུ,19
ཛྷོ,19
རྵུ,19
རྨཾ,19
ཀྨེ,19
ཌྷྱཾ,19
ནྟྱེ,19
ལོཾ,19
ཀྵྭ,19
དྷྭོ,19
ཏླཱྀ,19
ཥྛུ,19
ཀྑྒྒྷྔ,19
ངླ,19
ཝྲྀ,19
ཉེཾ,19
ཀྵྱཱ,19
དྲཻཾ,19
ག༵,18
ཉཱེ,18
རྞཱི,18
࿄,18
ངྷོ,18
བྲིི,18
ཎྛི,18
ཀྵླཱ,18
ཪྦ,18
སྔི,18
མྱཽ,18
ངྷེ,18
ཤྟ,18
དྲཱཾ,18
ཎྱོ,18
རྦཱཾ,18
ཊྚཾ,18
པྫ,18
ཀྐཾ,18
ཏྲེཾ,18
ནྣུ,18
ཀྟྲྀ,18
དྱཽ,18
ཊྐ,18
ནྚཱི,18
ཤྱོ,18
སྥཱི,18
ཊྭི,18
ཉྩཽ,18
ཥྐཾ,18
ལྔཱི,18
སྐྱོཾ,18
རྒྱུཾ,18
ཀྵཱུཾ,18
ཎཱུ,17
ཙིཾ,17
ཎྚུ,17
རྟྟེ,17
སྙཽ,17
རྩྭི,17
ཊྭཱི,17
ཥྟོཾ,17
བྲུུ,17
རྨཱཾ,17
ཌྷཱཾ,17
ངཱི,17
ནཱྀ,17
ཏཱྀ,17
ནྦྷུ,17
ཤྲཱུ,17
རྞུ,17
ཤྴཱ,17
ཛཽཾ,17
དྦྷཱ,17
ཉྫཱི,17
ཀྴེ,17
གྷྣཱི,17
དྦྷཱུ,17
ཎྜཱུ,17
ངྔ,17
རྩཾ,17
ཏེཾ,17
གྒྷ,17
ཥྜ,17
པ༷,16
ཐུ༷,16
ཎྛེ,16
པྟོ,16
ཇིི,16
སྙིི,16
བྱིི,16
ཌིཾ,16
ཌཱེ,16
ཀྟྱ,16
ཉྩཻ,16
ཎྟ,16
།༵,16
ཇཽ,16
ཌྷྀ,16
མྲཾ,16
གྷླྀ,16
ཏྱེཾ,16
ཙྪཻ,16
ཛྙཱིཾ,16
ཤྲཾ,16
རྦིཾ,16
ཏྤི,16
ཌྷྲི,16
ངྶ,16
ནྟྱཱ,16
རྡྡྷ,16
ཏྣཱི,16
སྡྱུ,16
ཊླྀ,16
རླཾ,16
ཏྠི,16
ཥྚྭཱ,16
བྷྣ,16
ཪྷ,16
ཚྪི,16
ཤྕི,16
བྷྲཽ,16
བྱིཾ,16
སྐུཾ,16
པྣཾ,16
མ༵,15
ཡྩོ,15
ཁྐྲ,15
པ༵,15
རྡྭ,15
ངྒོ,15
མྦྲཱ,15
དྷྱོ,15
ཀྵྱཾ,15
ཨཱྀ,15
ཧླཾ,15
བྷིཾ,15
པྱཽ,15
སྒྱྀ,15
ཕཱཾ,15
གྷྲཱྀ,15
ཤྩུ,15
ནྟྭ,15
ནྲཱྀ,15
ཤླ,15
སྑ,15
བྲིཾ,15
ཤཱིཾ,15
མྣ,15
ནྨུ,15
ཤྩེ,15
རྡཾ,15
ཏྶེ,15
མྣི,15
རྵཱི,15
ཛྭི,15
སྟྭཱ,15
ཤཱེ,15
ཊྲུཾ,15
ཏྟྲཾ,15
བླྀ,15
ཪྫྙཱ,15
ནྟྲཱི,15
ངླྀ,15
རྷཱ,15
བྷྲཱིཾ,15
ཪྡ,15
ཎྚཱི,15
ཙླཱྀ,15
སྶྭ,15
ཥྚྭ,15
དྱཱེ,15
ཌྦྷྱཱཾ,15
རྣྲཱི,15
རྗོཾ,15
སྔོཾ,15
བྱེཾ,15
དྡྷཱོ,15
མྤོ,15
ཤྱི,15
ཛྣཽཾ,15
གྷེཾ,15
ཛྞཽཾ,15
ཪྙ,14
ནུཾ,14
རྟྨ,14
གྷྒྷ,14
གྷཽ,14
གྷྀ,14
ལྕཻ,14
ཎཱྀ,14
སྨྱཽ,14
ཀྵྨིཾ,14
ཏྶཱི,14
ཥྵཱ,14
འུུ,14
ཥྤོ,14
ཊྤཱ,14
སྐྱྀ,14
ཙྩཻ,14
དྡྷྭཾ,14
གྡྷ,14
ཝཱེ,14
ཨཱཽོཾ,14
དྡྷཽ,14
རྦྷྱཱཾ,14
ཉྩཾ,14
རྡྷུ,14
རྨྨོ,14
ཉྩཱི,14
རྦྤ,14
ཌྷྜྷ,14
ལྦི,14
ཊླཱྀ,14
ཙྪྫྫྷྙ,14
ལྔཾ,14
གྦྷྱཱཾ,14
ཪྵུ,14
རྦྷོ,14
ཪྟ,14
རཱིཾ,14
ཛྷོཾ,14
ལྡོཾ,14
དྡྷཻ,14
གྟི,14
࿐,13
ཆ༷,13
ཇཱོ,13
ལྔོ,13
ཪྐ,13
མྲེ,13
ཊྛི,13
དྤཱ,13
ཟཽ,13
ཌྒི,13
ལྷཽ,13
ནྟྲཾ,13
ནྣཱི,13
ནྶཱ,13
རྐྲ,13
ཀྚ,13
ཊྚོ,13
ནྱཽ,13
ཅཽ,13
ཧྲཻཾ,13
ཌྡྷ,13
ཕྲུུ,13
པྱྀ,13
ཁླྀ,13
རླཱྀ,13
ཛྷྀ,13
ཕྱཾ,13
བྷྲཱྀ,13
ཏྟྱཾ,13
ཎྨུ,13
སྲིཾ,13
དྦི,13
ཀཻཾ,13
ཏྟྭཾ,13
པཱེ,13
རྱོ,13
ཥྐཱ,13
ཊྱཾ,13
རྒྷི,13
ཤྲཱེ,13
ལྡྀ,13
རླེ,13
ཐྲཱི,13
སྠཱཾ,13
པྀ,13
དྡྷྱཱ,13
ལྷཱ,13
ཐྱཾ,13
ཀྟྲཾ,13
པྟཱི,13
ཙྪྫྫྷྙཱ,13
ནུུ,13
ངྨ,13
ཏྠྡྡྷྣ,13
ཧྲཱོཾ,13
རྙུ,13
ཎྲཱི,13
ཛྫྷཱ,13
ཧྨཱི,13
ཪྠི,13
ཏྲོཾ,13
ཤྭཾ,13
ཁྐྲི,12
ཐོུ,12
པཱོ,12
མཱོ,12
ཆཱ,12
ནྱཱཾ,12
ཌྭ,12
འཱ,12
བེུ,12
གྒུ,12
ཥྐི,12
ཛྱཽ,12
ནྐ,12
ཀྐཱུ,12
སྟུཾ,12
རྨཽ,12
ནྩི,12
ཀྵླི,12
སྟྀ,12
མྲུ,12
བྷྲཱཾ,12
ཛྷཱཻ,12
ངཱུ,12
ཊྱཻ,12
གྷྲཱཾ,12
ནྡྱ,12
ཀྩ,12
ཋོ,12
ཏྱཽ,12
ཀྠི,12
ཏྶཾ,12
ཤླི,12
ཊྱཱ,12
ཥཻ,12
ཏྶྣ,12
ནྭོ,12
སྠོ,12
ཌྦྷི,12
ཏྐུ,12
ཉྱ,12
སྦཱ,12
ཊྱི,12
སྨྲཾ,12
ཀྠཾ,12
རྦྦོ,12
བྱུཾ,12
བྣ,12
ཊྛྜྜྷྞ,12
ཊྛྜྜྷྞཱ,12
ཪྡྷ,12
ཀྑྒྒྷྔཱ,12
རྠྠ,12
དྷྲོ,12
ཐེཾ,12
སྣོཾ,12
རྒྷྷཾ,12
སྦྲྀ,12
ཀླིཾ,12
ཥྚཱིཾ,12
ཛྙཻ,12
ཊཱོ,11
༹,11
ཊྠི,11
བྷཱཻ,11
ཙྱཱཻ,11
རྦཻ,11
སྟྱཱ,11
དྒྷཱ,11
ཎཱེ,11
རྒཽ,11
གྞེ,11
ཀྵཱཻ,11
རྜ,11
ཧྱོ,11
ཥྟཱྀ,11
ནྟྀ,11
ནྦྷེ,11
ཏོཾ,11
ཀྲཻ,11
ཥྤི,11
ངྀ,11
སཱྀ,11
པྲཽ,11
མུུ,11
གྞི,11
ཥྞོ,11
ཤྩཱི,11
ཤྭཱི,11
ཏྨི,11
དྡྷཱཾ,11
དྷྣ,11
ཤླྀ,11
ཋཱི,11
སྡྀ,11
སྒཱ,11
གྷཻཾ,11
མླཻ,11
རྟུཾ,11
གྷྱུ,11
ཀྵྱེ,11
མྨཾ,11
སྤྲཱ,11
ཏྐྲྀ,11
རྐྲྀ,11
དྭཱཾ,11
རྦྷཾ,11
རྠཱི,11
བྱཱི,11
རྩྩི,11
སྤཱུ,11
པྤཱ,11
སྡྱཱུ,11
ཎྚཱ,11
ཀྲཱིཾ,11
པྥྦྦྷྨ,11
པྥྦྦྷྨཱ,11
ཏྠྡྡྷྣཱ,11
࿔,11
ཀྷོ,11
ཇོཾ,11
ཥྜཱ,11
ཙོཾ,11
ཡྱེ,11
ཟླཾ,11
ཞེཾ,11
སྐྱེཾ,11
མྨི,11
ནྜཱི,11
དྷཱུཾ,11
ཀྷོཾ,11
སྗེ,10
ལྲ,10
རྱི,10
ཚུུ,10
ཙྪཱི,10
འིེ,10
མྷཱ,10
ཁྲིི,10
ཁྱིི,10
ངྷྲྀ,10
ཪྟི,10
ཕྥ,10
གྞ,10
སཽཾ,10
པྲཻ,10
རྡྷྭ,10
ཎྱུ,10
ངྑི,10
གྷཱྀ,10
ཊཱྀ,10
ཀླུུ,10
ཏྡྷ,10
སྟྲོ,10
ཌྷྲོ,10
ཁུུ,10
གྷྒྷཱ,10
ཉཱུ,10
གླཱྀ,10
ཤཱྀ,10
ཥྭཱ,10
ངྷྱ,10
ཛྫྷ,10
ཤྞ,10
ནྡྱཻ,10
ཧྭི,10
དྨཽ,10
གྱཽ,10
ལུུ,10
ནྡྭ,10
དྷྱཱཾ,10
ནྨོ,10
ཧྨི,10
ཊྱཱཾ,10
ནྡྲཾ,10
བྟཱ,10
ཀྵྱུཾ,10
ཧྞཻ,10
ཀྐྲ,10
ཀྞུ,10
ཙྱཾ,10
སྦཾ,10
རྞཱུ,10
གྡྷཾ,10
ཤྟི,10
མྴ,10
ཀྴིཾ,10
ཥྤྲ,10
ཥྚྱ,10
རྦྦི,10
རྑཱ,10
ཉྤཾ,10
ནླ,10
ཏེུ,10
སྥྱོ,10
ལྷིཾ,10
སྡཱ,10
སྥཾ,10
ནྷི,10
རྡྷོ,10
དྡྷྱེ,10
བྱཱོ,10
རྞཻ,10
ཏྒྟི,10
ཤྩཽ,10
ཛྷྱཻཾ,10
ཛྫུ,10
ནླྀ,10
ཧླི,10
ཪྱེ,10
ཞྲི,9
ཊྛཱ,9
ཚོུ,9
ཎྷ,9
ཎྞེ,9
ལྱི,9
རྷེ,9
ཀྑེ,9
ཪྵཱི,9
མྤྲཱ,9
ངྷཽ,9
ངྐོ,9
པྲཱཾ,9
།༷,9
བྟིཾ,9
ནྛི,9
རྟྲི,9
རྨཻ,9
ཥྟྲཱ,9
བཱུཾ,9
ནཱཻ,9
ཕཱིཾ,9
ཝཽ,9
ཀཱྀ,9
ཛྭེ,9
ནླཱྀ,9
ནྟཱུ,9
ཏྭཻ,9
པྣོ,9
དྲྱ,9
མྟ,9
དྟི,9
གྲིཾ,9
ཧྭཱི,9
པྶུ,9
ཏྲཽ,9
ཏཱོ,9
ཧྱཱཾ,9
རྞཱཾ,9
ཀྴཾ,9
ཀྟཱི,9
བཱྀ,9
ཀྵྭི,9
ཥྭི,9
ནྠཱི,9
ཥྐུ,9
ཀྶུ,9
ནྟཱིཾ,9
ཥྵུ,9
གྷྣེ,9
རྦྦཽ,9
ཡླྀ,9
ལྤཾ,9
སྟྲིཾ,9
ནཱིཾ,9
ནྡྷཱི,9
དྡྷྲྀ,9
ཎྛཱ,9
སྱཱེ,9
རྟྟཱི,9
ཤྨཱི,9
ངྱུ,9
ངྔཱ,9
ཉླྀ,9
ཛྷླྀ,9
གླུུ,9
སྦྲུུ,9
སྐྶ,9
ཐླིཾ,9
ཚིཾ,9
གྒི,9
ཥྐེ,9
ཛྙོཾ,9
࿓,9
ལླཻ,9
ཀྴོ,9
྿,9
ཨྲྀ,9
དྲེི,9
ཐླཱིཾ,9
ཏྱཱཻ,9
རྒྴ,9
བྱོཾ,9
ཛཱཻ,9
ཥྟྲི,9
༝,8
ཕླ,8
འྱ,8
ན༵,8
སྗི,8
ལྲྀ,8
དེི,8
ཊྛ,8
སྶེ,8
ཊྚུ,8
དྲཱུ,8
ཚེོ,8
རྩིི,8
ཏྐོ,8
སྒྱིི,8
ཉཽ,8
ཀྵཽཾ,8
ཧྭོ,8
དྲིི,8
ཀཱཻ,8
བྫི,8
གྱཱ,8
ནྲེ,8
ཌྷཱྀ,8
ཀྵཱཽ,8
དྦུ,8
ཥྟཱུ,8
གྲྀྀ,8
སྭུ,8
ཕཱུཾ,8
རྩཱི,8
རྔཻ,8
ཥྤཻ,8
ཨཱོུཾ,8
ཁྑཱུ,8
མླཱྀ,8
ཁླཱྀ,8
ཎྜཻ,8
ཤཱོ,8
ཆྒཻེ,8
ཤྣོ,8
ཙྪྱ,8
གྔྷ,8
རྡཻ,8
གྡྷཱ,8
རྣཽ,8
ཀཱིཾ,8
ཏྣཽ,8
ཥྟྲཱྀ,8
མྣོ,8
བྡེ,8
ཤྩཻ,8
ཡྦོ,8
སྠཽ,8
རྡཱུ,8
སྦཻ,8
ཥྛོ,8
དྡྷྲ,8
ངྒཻ,8
ཛཻཾ,8
ཧྞི,8
ལྕཾ,8
དྡྷཱེ,8
ཏྲཱེ,8
ཀྭཱ,8
གྦྷི,8
རྶོ,8
ཥྱཻ,8
ཀྭེ,8
བྟུཾ,8
ཌྷུཾ,8
རྤཾ,8
ཧྣོ,8
རྡྡཾ,8
རྴཱ,8
ཀྔ,8
ཏྒུ,8
རྫྫི,8
ངླཱྀ,8
རྵོ,8
སྥི,8
ཏྞ,8
དྷྲཾ,8
རྑི,8
ཌྷཱུ,8
ཀྵྷ,8
སྤཾ,8
རྵྱཱ,8
ཀྵྨཻ,8
རྔཾ,8
གྤ,8
རྒྱཱི,8
ཀོུ,8
ནྡྷཽ,8
ཌྲྀ,8
བྱུུ,8
ཛྲཱཾ,8
ཥྚཻ,8
ཌྭཱ,8
གྴི,8
ཐྐ,8
ཊྜྷྱ,8
རྗྫ,8
ཥྠཱ,8
ཉིེ,8
ཉྫྱོ,8
མཱཻ,8
ཛྫྙཱ,8
དྷོཾ,8
ཥྜི,8
སྡུཾ,8
ཅུཾ,8
ངེཾ,8
ཏྱུཾ,8
སྨཾ,8
དྦཱ,8
ཌྜཱ,8
ཀྣི,8
ཛྞཽ,8
མྫོ,7
ཉྙེ,7
ཡྟོ,7
བྲེི,7
བྙ,7
ཞཱི,7
ཀྑཱ,7
མྷི,7
ཝྱ,7
ཡྭ,7
ཉྙཱ,7
ནྠཾ,7
ཛྫཱི,7
ནྣོ,7
དྱཱུ,7
དིེ,7
ཎིཾ,7
ལྗཽ,7
ནྡྷྲ,7
ཤྲཱིི,7
ཏྐྲི,7
ཁྲཻ,7
ངྷྲི,7
ཀྞེ,7
དྦྷེ,7
ཧླཱཾ,7
མྥ,7
རྫྀ,7
སྭཱུ,7
ཚཱཾ,7
ལྨོ,7
པྲཱེ,7
ཐླྷཱིཾ,7
སྐཻ,7
གྒཱུ,7
ཚྪཱ,7
པྲིཾ,7
རྭཱ,7
བླཽོ,7
གྲཱཾ,7
ནྦྷི,7
ཛྱི,7
ཀྵྞུ,7
ཙྲྀ,7
ཀྴཱུ,7
གྲེཾ,7
རྙཽ,7
ཀྱཻེ,7
སླུུ,7
ཛྭཾ,7
ཥྞཾ,7
ནྡྷྱཱ,7
ནྭེ,7
ཐཱེ,7
ཏཱུཾ,7
ཥྞེ,7
ཨཱཽཾ,7
དྶ,7
གྒཱི,7
དྶུ,7
ཥཱེ,7
ཀྵོཾ,7
དྷྭཱཾ,7
རྟྲཱི,7
ཇུུ,7
ཌཱོ,7
རླཽ,7
རྨིཾ,7
ཤྱཻ,7
རྪ,7
རྴཾ,7
གྲྱཾ,7
གྷཱོ,7
སྟྲཱཾ,7
བྦྷྱ,7
ཥྭཾ,7
རྫཾ,7
ཧྨོ,7
གྦྷ,7
མྞ,7
དྒཱི,7
བྷཱེ,7
ཏྐི,7
ཉྤཱ,7
ཏྨེ,7
ལྨཱ,7
ཏྱཱུ,7
རྫྷ,7
བྡུ,7
སྐྲཾ,7
ཪྵཾ,7
ཥྞཱུ,7
མྨོ,7
ཎྱི,7
རྡཱི,7
རྴཱི,7
ཧླཱི,7
ཀྴཱི,7
གྷྒཱ,7
ཤྴུ,7
ཚླྀ,7
རྫྱ,7
སྲུུ,7
ལྟཱི,7
གྱུུ,7
ཛྷྫྷ,7
རྷོ,7
དྱཱི,7
ཁྱུུ,7
ལྟུུ,7
དྷྲེ,7
ཟུུ,7
ཎྜྲ,7
ཪྵྱ,7
རྦྷཱི,7
དྡྷྭ,7
ཏྲྱཻ,7
གྒེ,7
ཌྚ,7
པྡེ,7
ཧླཱིཾ,7
དྷྲིཾ,7
ཅིུ,7
ཀྵྞོ,7
ཞུཾ,7
རྥུ,7
ཏྛ,7
བྱཱཻ,7
པྡྷྣ,7
ཀྱིུ,7
རྡྱ,7
མྲོ,7
སྟྱེ,7
ཨྟུ,7
རྩྱོ,7
འཻ,7
ཐླྷཱ,7
ངྣ,7
ཁྱེཾ,7
སྤྱིཾ,7
གྱུཾ,7
རྤི,7
ནཱོ,7
རྐཾ,7
རྨྱོ,7
སཱུཾ,7
དྡྱ,7
ཪྙེ,6
ཁྐྲོ,6
དྩོ,6
གྤྱི,6
ཡྔོ,6
དྔོ,6
འཱུ,6
ཟཱུ,6
ནྠེ,6
ཏྟིཾ,6
བྟོ,6
སྕོ,6
ཌཽཾ,6
སྒྲིི,6
སྨིི,6
སྤྲིི,6
གཽོ,6
ངྔྷྱེ,6
ཛྷཱྀ,6
པླཱི,6
ཀླཻ,6
ནྛ,6
བཱིཾ,6
ཋཱཾ,6
ཛཱུཾ,6
ཝུཾ,6
ཁྑཱི,6
ཊཱུཾ,6
ཛྷཱུ,6
ངྷྲུ,6
དཱྀ,6
ངྶེ,6
རྭཾ,6
ཥྟྭ,6
ངྐྟཱ,6
ལྐཽ,6
རྡྡྷི,6
ཎྨ,6
ཌྨ,6
ཊྚཱི,6
ཙཱཽ,6
ནྡཽ,6
མྦཽ,6
ཎྞཱཾ,6
བྡི,6
རྜི,6
རྡྭི,6
དྡྷྭེ,6
ཁྣ,6
ཁྣི,6
ཥྟཽ,6
མླཾ,6
ཀྵླིཾ,6
རྒཱི,6
པྷ,6
ཤླཾ,6
ཀྐྀ,6
ཥྟྲ,6
ཁྷཱི,6
ཏཱཻ,6
རྟྲཱྀ,6
ཛྙཱཽཾ,6
ཥྦ,6
གྷྣོ,6
མྦྷཱུ,6
རྨྱེ,6
ཌྷྲཱྀ,6
ཛཱོ,6
ཀྠཱ,6
སྨྲཱ,6
རྦཽ,6
ལྭཱ,6
ཀྵྞི,6
སྣྲི,6
ཏྒཱ,6
སྦྷི,6
དྷྭཽ,6
ནྷཾ,6
ཊོཾ,6
རྱུ,6
ཝླྀ,6
ཪྠཱ,6
མྶཱ,6
ཐླཱྀ,6
ཧྲླཱྀ,6
ཥྤྲེ,6
ཀྭཾ,6
རྡྡི,6
ལྷཱི,6
རྦྦཱི,6
བྥུ,6
ཐྠ,6
བྦཱ,6
ངྒྲ,6
ཥྚཽ,6
ཅཱི,6
ཏྟྲཱ,6
ཤྪ,6
ཀྵཱྀ,6
དླྀ,6
སྩི,6
སྒྲུུ,6
ལྷུུ,6
དེུ,6
སཱཽ,6
ཥྜཱི,6
བྷྲོ,6
སྡཾ,6
སྷི,6
སྷཱ,6
ཁྲུུ,6
བྷྨ,6
གྦྷྱ,6
ཪྴི,6
ནྔྷ,6
ཪྤཱ,6
ཧྨྨ,6
ཌྲི,6
ཌྜེ,6
ཧྞྞ,6
ཪྩ,6
སྐེཾ,6
ཀྟྭེ,6
ཁྴོ,6
ཛཱེཾ,6
ཤྤུ,6
མྲཱྀ,6
མྚ,6
ཪྞྞ,6
རྦྭ,6
ཇཱི,6
ཎྜྷ,6
ཛྲཽ,6
མླུཾ,6
གྣཱཾ,6
ཀྵྞིཾ,6
ཉྤྵྴ,6
ཧླིཾ,6
དྡྲྀ,6
སྨྚ,6
བྷྨཱ,6
མྭཱ,6
ནྡྲཱེ,6
ཀྵྣཱ,6
མྭི,6
ཎྡྱེ,6
སྐྱཾ,6
ཀྵྨྱཱ,6
སྟེཾ,6
རྦྤཱ,6
ཤོཾ,6
ནྜོ,6
ཥྱི,6
ཧྲཱེཾ,6
ཏྲྱཾ,6
ཊྷ,6
ཌཱོཾ,6
བྲོཾ,6
ཙྱོ,6
འྱི,5
ཀྑཱི,5
ཞྱི,5
ཊྛཾ,5
ནྤྱི,5
ཉྙཱུ,5
གྭོ,5
ཀྶི,5
ཥྭེ,5
ཀྑུ,5
ཁྭཱ,5
རེི,5
ཉྪི,5
སྐིུ,5
ནྷཱ,5
གིུ,5
དྡུ,5
རྒྒེ,5
ཛྷྱ,5
དྑ,5
ངྷེཾ,5
ཟིི,5
ནྡྟ,5
རྨཱེ,5
ཀྵྨུཾ,5
ཎྲི,5
རྐྱུ,5
ཧུུ,5
བཽཾ,5
ཉཱཾ,5
ཛྷཱཾ,5
ཨྱ,5
སྒྱཽ,5
ཎཱིཾ,5
ཌྜྷཱ,5
གྷྒྷཱི,5
ཧྣཽ,5
ལྕྀ,5
ངྷྱཱ,5
ངྷྭེ,5
ཥྟྱ,5
ཤྴཱུ,5
ཤྴེ,5
རྡྲ,5
ཀྟཽ,5
ཤོུ,5
ཇཻ,5
ནྡཻ,5
གྨཱི,5
ཀྔི,5
སྟྲུ,5
ཙྱི,5
ཎྵ,5
སྨྱུཾ,5
ངྔྷྀ,5
ཛྫེ,5
གྷླཱྀ,5
ཀྵཱེ,5
ཀྭྀ,5
ཏྟཻ,5
སྶཱི,5
ཎྲ,5
ཎྟི,5
ཌྱཻ,5
མྱཻ,5
དཱིཾ,5
ཏྟྲྀ,5
ནྐུ,5
རྨྨཾ,5
ཏྫ,5
ཌྡྷོ,5
བྦྷི,5
ཕཽཾ,5
ལྕཽ,5
གྱིུ,5
ནྚཱ,5
ཏྣུ,5
རྟྱཾ,5
སྲཱུ,5
པླི,5
དྭྱ,5
རྞྞོ,5
ཥྨཻ,5
ཞཽ,5
ཀྒ,5
ཧཱཽ,5
ཥྱུ,5
ཀྟཱཾ,5
ཙྭཽ,5
རྒྷུ,5
དྲྭཱ,5
ཋྲ,5
ལླཱུ,5
གྦཾ,5
གྦ,5
ནྠཱཾ,5
རྦྷྱཾ,5
ཥྱཱཾ,5
དྦྲ,5
དྦེ,5
ཏྤྲེ,5
རྦྷྱོ,5
ཏྦྷུ,5
ཌཻཾ,5
ཀྥ,5
དྐ,5
གྦྷཱ,5
ཏྤཾ,5
རྫྫུ,5
ཝླཱྀ,5
དྷླྀ,5
ཐླྀ,5
ཀྭོ,5
དླཱྀ,5
པྣཱ,5
ལྨི,5
ཏྶྣཱ,5
ཀྤྲ,5
ཏྲྱཱ,5
ཉྤྙྤ,5
དྷྡྷ,5
བྷྦྷ,5
ཋྛ,5
ཡླཱྀ,5
ཀྵྷཱ,5
ཏྨཱི,5
ཀྷཱ,5
ཀྵྞཾ,5
སྐོཾ,5
ལྟཱ,5
ཏྒྷ,5
སྡྱཾ,5
རྐྐཱ,5
ལྔི,5
ལྗུ,5
ནྤཱ,5
རྟྟོ,5
ནྨི,5
གྡ,5
རྐྱི,5
བླུུ,5
ཤིུ,5
ཟླེ,5
ཡྲ,5
ཟཱ,5
ལྐོུ,5
དིུ,5
སྤྲུུ,5
རྟྶ,5
ཌྦྷྱ,5
ཪྴུ,5
ནྡྷྡྠྟ,5
ཤྚི,5
དྶཱ,5
ནྦ,5
ཏྩ,5
ཛོཾ,5
རྐྐོ,5
རྨྨཻ,5
པཱཻ,5
ལྱཱེ,5
ཧྲཽ,5
གྐ,5
ཌྲཱྀ,5
ཀྵྱི,5
ཪྠེ,5
ཎྟྲ,5
སྩེ,5
ཨཱཻཾ,5
སྛ,5
ཤྵེ,5
གཱེ,5
ཇྱ,5
ཛྲེཾ,5
དྭཱེ,5
ཞོཾ,5
གྷྱི,5
ཀྶྱེ,5
རྛ,5
ཛུུ,5
ངྡྷི,5
ཨྟྦྷུ,5
བྡཾ,5
ཛྷཱེཾ,5
ཡྒྴ,5
ཀྱིེ,5
ཏྶྨུ,5
བཱཽ,5
ཀཱཽ,5
ནྦྷྱ,5
གྲྭི,5
མཽཾ,5
ཋྲྀ,5
ནྷཱུ,5
ནྟཱཾ,5
ཤྴཱི,5
པྵྴ,5
རྫུུ,5
ཎྡྷ,5
ངྑཾ,5
སྒྱུཾ,5
གྩེ,5
ཇུཾ,5
ཏྛི,5
ཕྱོཾ,5
ཌཱེཾ,5
སྙིཾ,5
ཎོཾ,5
ཊྲཱཾ,5
ཏྥ,5
གཱོ,5
རྣྞ,5
ཪྱཾ,5
རཱུཾ,5
࿙,5
རྕ,4
ཞྱེ,4
པྩོ,4
༗,4
མྗེ,4
པྫོ,4
རྩྲི,4
ག༷,4
ཎྷཱ,4
རྩྡོ,4
འྡོ,4
དྗེ,4
ཥྲ,4
འིིིི,4
བོུ,4
ས༵,4
རྕོ,4
དྟོ,4
བྦོ,4
བྦེ,4
ནྟྭཱ,4
ཙྩེ,4
ནྤི,4
འོི,4
དྤུ,4
ལླཾ,4
ཏཱིི,4
སྦྲིི,4
གྲིི,4
ཡཱོ,4
སྦྲཻེ,4
ངྔྷྱི,4
ནྡྲཻ,4
སྲིི,4
སྤྲཽོ,4
ཏྨྱཱ,4
ཪྱཻ,4
པིུ,4
ཥྚཱུ,4
ཪྠཾ,4
མྤྲེ,4
ནྡྷྲེ,4
རྡྷྭཾ,4
ཎྜཱྀ,4
གྣྱེ,4
སྥཽ,4
་༵༵,4
ཛྷཽ,4
ཟྭི,4
྅༵,4
ཤྴཾ,4
ཕཻེཾ,4
ཥྟྲོ,4
རྣཱི,4
ཡཱྀ,4
ཁྲཱྀ,4
ཀྵྱཻ,4
ཏྐྲ,4
ནྴ,4
ཛཱྀ,4
གྔྷཱ,4
སྒཻ,4
སླཻ,4
དྡྲི,4
བྦྷུ,4
ནྶཱི,4
ཌྨུ,4
ཙྴུ,4
ཤྪཱ,4
དྡྷྱཾ,4
གྷྲུཾ,4
བྷྱོཾ,4
ཎྟཱ,4
ཊྐོ,4
ཎྨཱ,4
ཤྲཻ,4
ཎྞཱི,4
དྡྷྱཱཾ,4
གྨུ,4
ཤྱཱཾ,4
ནྚུ,4
ཝྱཾ,4
ཎྡྲི,4
གྷྒྷཱུ,4
ཤླཱྀ,4
མྦྷྀ,4
ཥྱཽ,4
དྷྭཻ,4
ཥྟྲྀ,4
རྟྲཱ,4
ཊྲཾ,4
སྒྲཻ,4
ཧྨཾ,4
པྫཱ,4
ཐྲྀ,4
ཁྱཱི,4
ཨྠ,4
ཥྟྭཱ,4
ཊྐཱི,4
རྒྲ,4
ཙྪྲ,4
དྡྷྲི,4
ཀྟྲཱ,4
ཎྞཾ,4
རྦྷྱཱ,4
ཤཽཾ,4
ཛྙེཾ,4
ཁྀ,4
ཏྤེ,4
བྷྱཱུ,4
གྡྷི,4
པྶེ,4
གྡྷཱེ,4
ཀྔཾ,4
སྫཱི,4
མྤཾ,4
དྷྱཱུ,4
གྔྷཾ,4
ནྟུཾ,4
བྡྷུཾ,4
ཌྒྷ,4
མྨཱི,4
རླཱ,4
རྦྦཱཾ,4
དྡྷྱཻ,4
དྡྷྱོ,4
ཎྱཱཾ,4
རྟྲོ,4
ཧྣཱི,4
པྡཱ,4
ངྒཱུ,4
གྡེ,4
ཙཱེ,4
ཤྪེ,4
ཏྐེ,4
ཝཱྀ,4
ཊྩ,4
ཀྤུ,4
བླཱྀ,4
ནྠོ,4
གྡི,4
དྷླཱྀ,4
མྦཾ,4
དྫ,4
རྡྷྱ,4
ཥྨཾ,4
ཙྖ,4
ལྐཾ,4
ཀྵྱོ,4
ཤྱཱི,4
མྣཾ,4
ངྒྱ,4
ཪྴྭ,4
རྣྣ,4
ཏྨོ,4
ནྟྱཾ,4
སྶཱུ,4
རྡྡྷཱ,4
ནྣཱཾ,4
ཧྟཱ,4
རྔི,4
རྠཱཾ,4
རྭེ,4
དྨཱི,4
ཉླཱྀ,4
དྟྱ,4
ཪྩི,4
ཥྵི,4
ཌུཾ,4
ངྔཱུ,4
ངྔཱི,4
ཛླྀ,4
ཪླཱྀ,4
མཱྀ,4
རྞྱ,4
ཙླཱི,4
ཏྲྱུ,4
ཏྞེ,4
ཞེི,4
ཐཻཾ,4
ལྔེ,4
རྡུུ,4
ཕྱུུ,4
རྒྷཻ,4
ཀྣེ,4
ཞིུ,4
ཉོཾ,4
དྲུུ,4
ནིེ,4
གྱེཾ,4
སཱིཾ,4
ཙླུཾ,4
ཉྫྷྫྪྩ,4
ཎྜྷྜྛྚ,4
མྦྷྦྥྤ,4
ཥྚཱོ,4
ཤྦྷྱཱ,4
ཊྨུ,4
ཥྚྲྀ,4
སྶྱ,4
གྷཱེ,4
ཪྟེ,4
བྨ,4
ཏྲཱཻ,4
མཱཽ,4
ཤྚཱ,4
བྣཾ,4
ནྟྲཻ,4
ཥྥ,4
སྚ,4
ཤྤ,4
སྕ,4
པྥུ,4
ཊིཾ,4
ཙྪཽ,4
ཪྡཱ,4
སྟྭེ,4
སྟིཾ,4
དཱཻ,4
ཪྞི,4
ཥྚྲཱཾ,4
གྷྭེ,4
ཥྨཱི,4
ལྱོ,4
ཥྚྲཱོ,4
ཛྷྱོ,4
དྷྷ,4
ཕླི,4
རྒྷེ,4
ཥྛྀ,4
དྷྲུཾ,4
ཀྱེཾ,4
ཧཱྀ,4
ཥྠེ,4
དྷྲཽ,4
སྱཱཻ,4
ཀླཱིཾ,4
གྷྲོ,4
པྱྭ,4
ཤྤེ,4
སྐྱུུ,4
ཥྜཾ,4
མིེ,4
ནྔ,4
ངྟཾ,4
དྔྷོ,4
ཀྙྟིི,4
ཙྨྱོ,4
ཎྜྷེ,4
རྒུཾ,4
སྩྱོ,4
ལྷཱིཾ,4
ཏྤྲི,4
ཤྱུ,4
ཛྙཱོཾ,4
མྤཱུ,4
ཀྣཱ,4
དྡྷྣ,4
ངྱི,4
སྤྲུཾ,4
ཌྷྜ,4
ཟོཾ,4
རྟེཾ,4
ཆིཾ,4
རྫོཾ,4
སྠྭཾ,4
རྐྱེཾ,4
རྟོཾ,4
ངྷཱཾ,4
ཀཱོུཾ,4
ཀྤྨ,4
གླུཾ,4
ཧྣཾ,4
ཥྣཱི,4
མྷེ,4
ཊྣ,4
དྡཱུ,4
ནྲཱ,4
སྲོཾ,4
དྐུ,4
གྷྲོཾ,4
࿅,4
འྫ,4
མྡོ,3
བྗ,3
ཬ,3
སུ༵,3
རྲི,3
ཉྷེ,3
བྩོ,3
ཎྷི,3
ཡྤྱི,3
ཪྙི,3
མྩོ,3
ཟྱི,3
ཞྱ,3
ཨ༷,3
འྩོ,3
ཆྔོ,3
དྫོ,3
ཪོ,3
དྡོ,3
ངྱེ,3
གྡོ,3
པློ,3
སྶོ,3
ཝིཾ,3
ཆིི,3
གྒོ,3
ཏེི,3
ནྡིཾ,3
ཏྠཱི,3
བྷིི,3
དྷིི,3
སྟིི,3
ཕྲིི,3
།༵༵,3
ཥྦཾ,3
རྡྷཱཾ,3
སྡིི,3
ནྡྭཾ,3
ཛྫིཾ,3
དོུ,3
གྭི,3
སྟེོ,3
ཀྚི,3
ཚྪེ,3
ཀྟྱི,3
ཚིེ,3
བིི,3
སྨྲཽ,3
བྷཱྀ,3
མཻཻཾ,3
པྲོཾ,3
ཀྱུུ,3
ནྫཱ,3
སྭཻཾ,3
ཥྟྀ,3
གྲཱེ,3
ཥྨིཾ,3
ངཱྀ,3
ཛྷཱིཾ,3
རྒྱཽ,3
ཊྤ,3
དྟེ,3
ཏྑ,3
ཛྷཻེཾ,3
ལཱཽ,3
གྒྀ,3
ཏྵི,3
ངྐྲ,3
ཀྨུ,3
ཤྩྱུ,3
ཤྩྱོ,3
སྥཱུ,3
ཙྱཱི,3
ཥྟུཾ,3
པྣུ,3
དྷྨི,3
གྔྷི,3
ནྚཾ,3
ཥྞཱེ,3
ནྟཻ,3
མྦྲྀ,3
དྱོཾ,3
ཙྪྭེ,3
ཙྪཱེ,3
ཥྩཱ,3
གྫ,3
ཌྜཱི,3
དཱུཾ,3
པྲཱུ,3
ཤྴོ,3
རྞཽ,3
ཀྟྀ,3
གྦཱི,3
ཀྤཱ,3
ཛྫཻ,3
རྣཻ,3
མྟུ,3
རྵཱཾ,3
ཁྣུ,3
པྠ,3
དྭྱཾ,3
ཏྲྱེ,3
ཌཱྀ,3
སྦྷ,3
ཀྲྀྀ,3
ངྔྷུ,3
ཊྲི,3
ཤྟཱི,3
ཏཱིཾ,3
ཥྟཱིཾ,3
ཤྲུཾ,3
དྨཱཾ,3
ནྚིཾ,3
སྶྀ,3
ཏྭཱེ,3
རྡྡེ,3
མཽོ,3
ཥྞཱྀ,3
ཥྟཱོ,3
ཧྞཽ,3
གྣཽ,3
སྟྲཱྀ,3
སྟྲྱ,3
སྒྲུཾ,3
ཨཽོཾ,3
གྷྭ,3
བླུཾ,3
ཤྟིཾ,3
དྑཾ,3
ཤྱཱེ,3
ཌྒཱ,3
ཀླེཾ,3
ཧྲཱཻཾ,3
ངཱཾ,3
ཀྲཽཾ,3
ཛྲཻ,3
དྒྷེ,3
ཀྵྭེ,3
ཀྞཱུ,3
རྐཱི,3
ཏྟྲཱི,3
རྟཱྀ,3
ཏྟྲོ,3
བྡྷཱ,3
ཊྦྷ,3
ནྩཻ,3
ནྡྱུ,3
ལྭཽ,3
ཏྷཱ,3
དྷྣི,3
ནཱུཾ,3
རྑེ,3
ཥྛཽ,3
ནཻཾ,3
ཌྡྷི,3
ནྡྱེ,3
ནྩོ,3
རྒཱཾ,3
སྲཱཾ,3
རྵྨ,3
ཊྱེ,3
ཉྫྙཱ,3
ཏྦྷི,3
རྟྶྣྱ,3
རྀྀ,3
ཏྨཾ,3
དྷྣུ,3
ངྐྱ,3
ལྭོ,3
ཙྲཱྀ,3
བྡོ,3
ཏྤོ,3
ཏྟྲཻ,3
གྨཱ,3
བྷཱཽ,3
དྦྷྱཱུ,3
གྷྱཾ,3
མྞེ,3
དྷྣཱ,3
རྞྞཻ,3
སྟྭོཾ,3
ཉྞི,3
ནྲཾ,3
ཥྐྲ,3
ངྐཾ,3
ཎྡུ,3
ཏྟྱཱ,3
བྷཱོ,3
ཥྐོ,3
ལྱཱཾ,3
ྉ,3
གྴེ,3
ཪྫ,3
རྨྨཱི,3
སླཱ,3
ངྱཾ,3
པྨ,3
ཁྱཱཾ,3
པྡྷི,3
ཉྫྷ,3
ཌླཱྀ,3
རྡྡཱ,3
ཁྲཽཾ,3
དྦྷོ,3
རྟྟཾ,3
རྟྟུཾ,3
ཛྷྫྷཱ,3
ཌྷྜྷཱ,3
ལྱུ,3
ནྭཾ,3
ཐཱོ,3
བྦྷཱ,3
ཎྛཻ,3
ཥྚྱཱ,3
ཀྐླཱྀ,3
མླུ,3
ཐྠཱ,3
ཀྲཱཾ,3
ཏྣྱ,3
ཥྠོ,3
རྷཾ,3
ངྐྟི,3
བྡྷཾ,3
དྨུ,3
རྡྷཱུ,3
སྟཱེ,3
རྒྒཱ,3
རྕེ,3
ཪྵི,3
ཚླཱྀ,3
ཛྷླཱྀ,3
ཎླྀ,3
ཌྜྷོ,3
པྱཻ,3
མིུ,3
གྷྒཱུ,3
ངྑཱ,3
ཎླཱྀ,3
བྷླྀ,3
སྟཻཻ,3
གྱིེ,3
འིོ,3
རྪོ,3
ཧཱིུ,3
ཟླཱི,3
ཀློུ,3
དིོ,3
ངྟི,3
ལྟཱོ,3
གྡྷེ,3
མྱུུ,3
ཉིུ,3
ཏེོུ,3
ལྗཾ,3
སྨྱྀ,3
ལྔུ,3
མོུ,3
པེུ,3
སྦུུ,3
རིེ,3
ཥྜོ,3
དཻེ,3
རྩིེ,3
སྷེ,3
ནྲྀྀ,3
ཀྲུུ,3
ཕྱིེ,3
ཛླུཾ,3
ཊྜྷ,3
ཪྤཱུ,3
ཐྭི,3
ཥྚྭོ,3
ཪྐཱ,3
ནྔྷུ,3
དྔྷེ,3
མྨྱ,3
ཪྵཱཾ,3
ཏྩི,3
པྟྲ,3
ཝྭེ,3
ལྭེ,3
ཪྒ,3
སྨཱིཾ,3
ཀྑི,3
དྐི,3
སྴི,3
ཪྦྷ,3
དཱོ,3
ཤྩྪ,3
ཏྚ,3
ཎྠ,3
ཧྫྱ,3
གྐེ,3
རྦྀ,3
གྟེ,3
ཀྨཱ,3
ཀྴྭ,3
གླེཾ,3
ཏྟྲེ,3
ཪྦཱ,3
ཥྚྲེ,3
ཌྲོ,3
ཌྱཱི,3
ཊྱུ,3
ཇྲོ,3
དྣཱ,3
ཌྲེ,3
ཎྞོ,3
ཀྡྷི,3
ཏྟྱེ,3
ལྩེ,3
ཌྡྷེ,3
ཌྱེ,3
ཏྭྀ,3
ཪྦི,3
ཀྡི,3
པྡྷ,3
ཙྪྲཱིཾ,3
ངྡྷ,3
ལྦཱི,3
དྷཱོ,3
སྠཻ,3
ཏྭོཾ,3
ཪྨྨ,3
ཤྣི,3
ཡྟི,3
ལྒེ,3
མྡྷྣ,3
སྥྱི,3
དྲྭི,3
ཙཱཻ,3
ཆོེ,3
ཥྛཱཾ,3
ཡིུ,3
ཥྤེཾ,3
ཞིེ,3
ཟཱོ,3
ཤྣུ,3
ཧྞུ,3
ཧླེ,3
རྴྱ,3
ཌྷོཾ,3
རྒྷྷ,3
པྦྤི,3
རྵྞ,3
ཁྚྒ,3
རྟྱེ,3
ཡྱི,3
མྲྀྀ,3
ལྱིཾ,3
࿋,3
ངྒྷེ,3
གྣཱེ,3
ཙྴ,3
ཤྚཾ,3
ཨཱཱ,3
ཏྶྨུཾ,3
ཀྵྭཱ,3
རྵྱཾ,3
རྟྟིཾ,3
རྨྱུ,3
ཀླུཾ,3
དྡཱི,3
ཝཱཻ,3
རྷུ,3
རྡྷཱི,3
ཛྷྲྀ,3
ཐྲཱྀ,3
ཧྙ,3
བྦྷྨ,3
ཚཱྀ,3
གླཱི,3
རྦྱ,3
རྦྱེ,3
ཥྨེ,3
དྷྲཱིཾ,3
སྤྱཾ,3
ཏྥུ,3
ཝྱེ,3
རྩིཾ,3
ནྡྷཱཾ,3
སྱཽ,3
གླཾ,3
སྦྱིཾ,3
དྲོཾ,3
པྟྱ,3
ཏྣཻ,3
རྟིཾ,3
ལྕེཾ,3
ཟིཾ,3
ཥྜིཾ,3
བྷཱིཾ,3
࿊,3
སྲེཾ,3
ཥྚིུ,3
གྷྒཱི,3
ནྴཱ,3
རྑྷ,3
ངྴི,3
དྷྭཱི,3
ཌྞེ,3
བླིཾ,3
ཛླིཾ,3
ཧཱཽཾ,3
དྷྲེཾ,3
ཉྙུ,2
གོི,2
ཡྫོ,2
ཤ༷,2
ལ༷,2
ར༷,2
ཪྐྱ,2
པྥོ,2
ཊྭཱོ,2
ཁྫོ,2
ཉྷི,2
ཙྩཾ,2
ཎྷེ,2
ཚ༷,2
ཆྟོ,2
གྱྱི,2
སྐྱྡོ,2
ཉྷཾ,2
ནྫོ,2
པྤཾ,2
ཉྙཱི,2
བྦུ,2
ཞིོ,2
སོེ,2
ཉྪེ,2
ཙྪིཾ,2
ལིི,2
ཪྦུ,2
ཙཻེ,2
སྐྱིི,2
ཎིི,2
བྡྷཻ,2
རྨིི,2
རྙིི,2
རྔཱ,2
ཏྲཻཻ,2
རྡྲཱ,2
ཥྩཱི,2
ཨཽཽ,2
ནིིི,2
ཥྚྲཱིི,2
ནཽཾ,2
ཀིི,2
་༷༷,2
སྟྲཱཻ,2
རྜྷྲཱ,2
ཁྲཽོ,2
ཝཱིི,2
ཀྐཽ,2
ཀྐཻ,2
ནྷིཾ,2
བྟཱོ,2
ཉྩཱེ,2
ཀྞོ,2
མྀྀ,2
ཌྡྷཾ,2
ཧྲཱཽ,2
ཕཱེཾ,2
ཕཱོཾ,2
ཊྠ,2
ཋྱ,2
སྦཽོ,2
ཆེུ,2
སྣྲཽ,2
དྲྭཾ,2
ངྔྷཱུ,2
ངྷྀ,2
ཎྱཽ,2
བྟཱུ,2
མྦླ,2
སྒཱོ,2
མྲིཾ,2
ནྴཱི,2
ཉྩཱཾ,2
ཛཱཽཾ,2
རྶུ,2
ནྡྀ,2
ཤྩྱ,2
ཎྟུ,2
ཝོཾ,2
གྷྭཾ,2
རྗཾ,2
མྤཽ,2
ཀྒྷ,2
རྵྱི,2
ཀྒྷི,2
ཙྴི,2
དྒྷི,2
བྷྱུཾ,2
ཊྭུཾ,2
ཎྱཱུ,2
རྐཻ,2
ཌྦྷཱུ,2
ལླཽ,2
པྶཱ,2
པྡཱི,2
ཊྲཱུཾ,2
ནེཾ,2
མྦྲཻ,2
ཏྟྱཻ,2
པྟཽ,2
ནྡྭཱ,2
ནྟྱོ,2
ནྡྲཱཾ,2
རྞྱཾ,2
ཏྟཽ,2
ཧྞཱི,2
ཧྨཽ,2
སྦྷུ,2
ཏྶཱཾ,2
སྟྱོ,2
ངྶཾ,2
གྷྣུ,2
དྭྱེ,2
ཌྷྱི,2
ནྡྱཱ,2
པྶཾ,2
ངྷྱེ,2
མྨྲ,2
ཀྫྙ,2
ནྡྷྲུ,2
སྦྱཽོ,2
ཀྦི,2
དྨཱུ,2
རྨཱུ,2
ངྵེ,2
སྦྲཽ,2
ཀྱཻི,2
སྶཱཾ,2
གྣོ,2
གྣྀ,2
ངྷཾ,2
རྦཱུ,2
མཻེ,2
ཏྷ,2
རྤྲ,2
སྟྲཱིུ,2
ལྟུཾ,2
གྷཱཽ,2
ཥྞྀ,2
དྱེཾ,2
པླཱ,2
ཉྫྀ,2
ངྔྷཽ,2
རྫཱུ,2
རྒྒཾ,2
བྷཱེཾ,2
ཏྭཱུ,2
ནཽོ,2
སྫཽ,2
ཨོེཾ,2
ཥྵིཾ,2
ཥྟྱཻ,2
ཏྶྭཱ,2
རྤྤཱ,2
ཌྱཾ,2
དྭྀ,2
ཌཱུཾ,2
མྨྀ,2
སྐྲཽ,2
ཌྷྲུ,2
གྷྭཱ,2
གྷྲིཾ,2
བྷིུ,2
ཥྤཱི,2
གྟཱི,2
དྡྷྲེ,2
ནྟྲཱཾ,2
ནྛྀ,2
མྨྲཱ,2
སྗ,2
ཛྙུཾ,2
རྤྱ,2
ཀྵྱཱེ,2
དྤྲྀ,2
ཤྟཱཾ,2
དྠཱ,2
ཤྟཱ,2
ལྤྱ,2
ཊྨི,2
རྟྨི,2
ངྐྲཱ,2
ཤླཱ,2
ཛྱུ,2
ཛྨི,2
ཛྨ,2
ནྟྱཽ,2
ངྴཱི,2
ངྴཱ,2
ངྶི,2
དྤིཾ,2
གྷྱཱ,2
རྟྲཾ,2
ཀྐྲཱ,2
ཛྫྙ,2
བྦྷཱུ,2
ཊྶཱི,2
ནྴཱུ,2
ཥྵཾ,2
པྤོ,2
ཁྱཽཽ,2
ཡྦཽ,2
རྦྷཱཽ,2
ཥྟྭོ,2
ནྭཻ,2
ནྭཱཾ,2
སྟྲཱིཾ,2
མྴཽ,2
མྞཱ,2
མྞཱཾ,2
མྞི,2
གྦྷཾ,2
ཤྩཱཾ,2
རྞྞཱུཾ,2
ཧྣཱཾ,2
དྦྷྱཾ,2
མྶཽ,2
ནྣཽ,2
ནྦྷཱུ,2
ཥྞཽ,2
ནྡུཾ,2
རྦྱཱ,2
རྡྷྲྀ,2
དྦྲྀ,2
རྨྱཱ,2
ངྶཱ,2
དྷྲྀྀ,2
གྷྣཱུ,2
བྟུ,2
་༷༵,2
རྶཱ,2
ཤྭིཾ,2
ཐྱཻ,2
ཥྞཻ,2
སྟྲུཾ,2
དླཱུ,2
སྴ,2
ཙྪཱུ,2
ཡླཱི,2
ཕླཱྀ,2
ཊྚཱཾ,2
བྒ,2
ཏྠེ,2
གྨཾ,2
ཏྤྲཱ,2
ཥྚྭཱི,2
ནྟྭཾ,2
རྫྭ,2
སྱཱུ,2
ཤྲཽ,2
རྡྡཱི,2
ནྱཱི,2
མྶི,2
ཙྩཱུ,2
དཱཽ,2
གྦི,2
ཀྵླཱི,2
ཎྛོ,2
ཥྐྲྀ,2
ཌྐཾ,2
རྑུ,2
ནྐི,2
རྩྭེ,2
ཉྤཱུ,2
མྟྲ,2
ཎྛཱི,2
ཏྟླྀ,2
སྶླཱྀ,2
ཥྵླྀ,2
ཋྛཱ,2
བྷྦྷཱ,2
ཪྞཱ,2
བྟཾ,2
ཌྜཱུ,2
ལྦཾ,2
ཀྐླྦ,2
ཊྨ,2
ཨྭ,2
ཎྱཱེ,2
ཌྵ,2
ནྦཱ,2
ལྨཱི,2
ཛྙཱུ,2
ཉྤྱཱཱ,2
ནཱིི,2
ལྦྷ,2
ལྟྭ,2
ངྡཱ,2
ནྤྲི,2
ཀྦཱ,2
རྡྷྱཾ,2
བྤ,2
རྵྞི,2
རྡྡྲཾ,2
རྦྟ,2
ཥཱྀ,2
རྟྟུ,2
ཛྫཾ,2
ཀྵྞཱིཾ,2
ནླཱ,2
ཙླི,2
ཥྠྱ,2
པྤི,2
ངྒཱཾ,2
རྴཱུ,2
ནླི,2
ཛླཱྀ,2
ཌྷླྀ,2
ཌླྀ,2
ཋླྀ,2
གྫཱ,2
མྦྱ,2
སྡྱཱི,2
ཡཱུཾ,2
ནྠཻ,2
ཪྵྭ,2
ཁྑླཱྀ,2
གྒླཱྀ,2
གྷྒྷླཱྀ,2
ངྔླཱྀ,2
རྩྪཱ,2
བྫཱ,2
རྠྱ,2
བླཱི,2
རྟྱཱ,2
རྡྭཱ,2
ཛྙཻཾ,2
ཛླི,2
ཋླཱྀ,2
ཌྷླཱྀ,2
ཕླྀ,2
ཀྵྞེ,2
ནེཻ,2
ཌེཻ,2
སྱཻཻ,2
ཀྣེཾ,2
ནོེ,2
གེོ,2
ཧཱོཾ,2
སྲིོ,2
བྷྱོུ,2
དྒྷྲི,2
ཤེོ,2
གླིུ,2
ཁྱེི,2
གྱཱི,2
ཞེོ,2
རྭཱི,2
ཀྨཽ,2
ཁེུ,2
ཀྵོུ,2
སྔཱ,2
ཟྭེ,2
བླཱ,2
རྶི,2
ཡྲྀ,2
སློཾ,2
མྦུུ,2
པིུཾ,2
སྒྲཱ,2
ཟྭོ,2
སྙཱ,2
སྒྲཱི,2
རོེ,2
ངླི,2
པྶྱི,2
ཥྚུཾ,2
ཡྱཾ,2
ངྒྷྒྑྐ,2
ངྷྭཾ,2
ལྟྱ,2
ཪྵྨ,2
ཡྦྲྀ,2
ཏྶྨི,2
ཌྷྭཾ,2
ཧྐཱ,2
ཡྐཱ,2
ཝྐཱ,2
རྦྷྦྷི,2
དྲཱོ,2
ཊླ,2
ཏྦུ,2
ཎྣ,2
ཌྣ,2
སྠྣོ,2
སྠྣ,2
ཐྐྴྵྙྤྶ,2
ཌྞ,2
ཪྑུཾ,2
དྔྷ,2
ཪྤྤ,2
ཡྭེ,2
ཥྣ,2
ཪྨཱ,2
བྚུ,2
དྟཱི,2
ཪྴཱ,2
ཪྡེ,2
༓,2
མྲཱུཾ,2
པྚ,2
ཪྒྷོ,2
ཀྟྟ,2
ནྦི,2
ཀྐྭ,2
ཚྩ,2
དྟྷྱ,2
ཤྣཱ,2
ཧྶ,2
མྤེ,2
ཉྩྱ,2
གྣིཾ,2
ཀྟྱཱ,2
ཧྶྣཱ,2
གྱྶི,2
མྲྨིྀ,2
ཧྟ,2
ཉྫྲ,2
དྲྱཻ,2
ཨྱཱེ,2
ཛྣི,2
ཊྱོ,2
དྟྲ,2
ཏླཱི,2
གྭཱ,2
གྟྭེ,2
ཛྲཱོ,2
ཪྨེ,2
སྷྱོ,2
ཛྴ,2
གྷྣཻ,2
ཀྵྨྱཻ,2
གྷྲེ,2
ཊྲཱ,2
ཙྷཱ,2
ཚྷཱ,2
ཤྷ,2
མྷོ,2
མྨྱཱ,2
ཎྠི,2
ཉྕ,2
ཪྣ,2
དྷྷི,2
དྷྷེ,2
ཤྨྱ,2
ཎྠཱ,2
ཛྙྣ,2
ཏྷུ,2
ཁྭྱ,2
ལྟྟོ,2
ཤྛ,2
ཊྵ,2
ཤྠཱ,2
ཋྞུ,2
ཕྲཱ,2
རྦྷཱེ,2
ཤྠི,2
ཏྠུ,2
དྡྲ,2
ཧྞཱཾ,2
དྟྭ,2
ཛྭཱི,2
སྙཾ,2
རྱཱི,2
སྚི,2
རྟྟྀ,2
ཀྟིཾ,2
ཪྷཱ,2
དྶི,2
རྟྣ,2
ཤྲཱཾ,2
ལྒཱ,2
ཊྚྱུ,2
ཀྴྨ,2
ཪྫཱ,2
ཪྤྱ,2
དྣེ,2
བྶ,2
སྥྱ,2
ཪྶ,2
ཌྜཾ,2
ཤྟྲོ,2
སྟྲཱུ,2
རྡྷཱེ,2
ཛྣཱ,2
ཪྦྷཱུ,2
ཊྡྷྱ,2
ཥྚྲཻ,2
ཝྟ,2
པྭ,2
ཪྦེ,2
ཀྩཱ,2
ལྒི,2
ཛྙིཾ,2
ཤྐྲ,2
དྡྷྷ,2
ཧྲཱུ,2
ཐྷཱ,2
དླི,2
དྲཱེ,2
ངྔྷིི,2
ལྡྷྣ,2
གྲྡྷྣ,2
ཤླཽཽ,2
ཀྱིོ,2
ཞོི,2
ནྡུུ,2
ཤྞི,2
ཀིུ,2
གོུ,2
དེོ,2
མེོ,2
ཉླི,2
ཐྱོ,2
ལཱོཾ,2
ཙུུ,2
ལྱཱི,2
ཎྡྲོ,2
ནིུ,2
ལྔཱ,2
ནྔྷེ,2
ཛྞ,2
ནྔོ,2
ནྡྟེ,2
ཌྲུ,2
ཧྲཱིུ,2
ཀྒྟུ,2
མྷུ,2
ནྟུུ,2
པྴྟིུཾ,2
སྣྱེ,2
ཏྟྑཾ,2
ཁྑུུ,2
གྒྫྫ,2
ཉྙཽ,2
ལྤཱཾ,2
ཊྐུ,2
སོཽ,2
རྫུཾ,2
ཨྪ,2
ཙྷྱ,2
ཨྒྴི,2
བྷྣྦྷ,2
རླུུ,2
ཏྒི,2
ཏྵྩི,2
࿇,2
ཇྗྙ,2
ཥྛྴྟིི,2
ཊཱེ,2
ཝྣ,2
ཝྐི,2
ཨྵྣཱིུ,2
རྵྩུ,2
བྷྐྚུ,2
ཡྒ,2
བྷྣཱ,2
ཤྴི,2
རྐྚ,2
ལྞ,2
ཏྴྠིི,2
སཱཻ,2
པྵ,2
ཀོཽ,2
མྦྷཻ,2
རྨྲི,2
སྨུཾ,2
ཚོེ,2
ཀྚྜྷ,2
ཚྫྒ,2
ཚྣྒ,2
དྭེཾ,2
ཤློཽ,2
བྒྷ,2
ཚྭེ,2
ཝེཾ,2
ཆཱི,2
ཧཱཻ,2
ནཱཽ,2
ཧྲཻ,2
ཕཱཻ,2
ཕཱཽ,2
ཙྐ,2
ཀྱཱུ,2
ཟེཾ,2
ཥྞྱ,2
ཧྱྀ,2
རྐཱཾ,2
ཏྶྭེ,2
ཝྲ,2
རྣཱཾ,2
ཛྷུཾ,2
ཋུཾ,2
ཏྟྭཱཾ,2
དྨཻ,2
བྵྩ,2
ཉྤྶ,2
སྒྱུུ,2
ཋྲཱྀ,2
ནྨཱུ,2
ཏྤྟྚི,2
བྦྷེ,2
གཱིཾ,2
ཋྱཾ,2
ཏྐྵ,2
སྑཱ,2
དྷཱིཾ,2
དྡྲེ,2
མྨཱུ,2
ཏྟཱུ,2
ཧྙཱ,2
དྡྷྣཱ,2
ཙཱྀ,2
ཊྭཱྀ,2
ནྡྷཱོ,2
ཏྣིཾ,2
ནྱཱེ,2
ཀྴྀ,2
རྟྱཻ,2
གྲཱིཾ,2
ཥྛིཾ,2
ཏྪི,2
ཎྡྷེ,2
ངྲ,2
ངྷྲཱི,2
སྤྲཱི,2
སྟྭོ,2
རྱྱཱ,2
རྒྲོ,2
ཌྷྲཱི,2
ཕྱྭོ,2
ཐླྷི,2
ཀྲཱིི,2
ཚིི,2
ཐིི,2
ཛྫྙེ,2
དྡྱཱ,2
ཏྛྀ,2
རྭུ,2
སྚཾ,2
ཛྷྫ,2
གྷྒ,2
སྤྱོཾ,2
ངྟུ,2
ཙྪྭ,2
ཊེཾ,2
ལྟེཾ,2
དྨོཾ,2
ཥྚྲིཾ,2
རྙེཾ,2
སྨོཾ,2
རྩོཾ,2
ཧྲཱིི,2
ཏྒེ,2
ཉྲྀ,2
ཙྲི,2
ཊཱཻ,2
ཤྲྱཱ,2
ཥྚྭི,2
རྫཱི,2
ཥྤཱེ,2
གྷིཾ,2
དྡྷྱི,2
ཋྱོ,2
ཤླིཾ,2
གྦྷྱོ,2
ཕྱུཾ,2
གླིཾ,2
དྷཱུུ,2
ཏྒཾ,2
ཅེཾ,2
ཕཱོུ,2
ཛྙྱཱ,2
སྷུ,2
དྡྭཱི,2
ཥྚཱེ,2
ཀྵྨྱ,2
རྡྷཻ,2
ཁཱཻ,2
ཌྷཱོ,2
ལྷོཾ,2
ཥྚཱོཾ,2
ཨིྀ,2
ཕྱེཾ,2
རྨཱཻ,2
ཧྥཱ,2
ཛྙཱཽ,2
ཏྶྀུ,2
ཧླཱུ,2
བྣི,2
སྒྲོཾ,2
ནྷོ,2
ལླཱཻ,2
སཱོུ,2
གེི,2
ཁྑྀ,2
གྷྒྀ,2
དྣྀ,2
ཤླཽོ,2
གྷྒཱྀ,2
ལྕིཾ,2
ཛྷྲཻཾ,2
ཛྣཽ,2
གུུུ,2
པྤྨྶྨྥྥྨྶྤྶྶ,2
སྠཱེ,2
ཤྵཾ,2
ཀྤྦྨྙ,2
གྤྨ,2
ཨྷྠྠླ,2
ཨྐྦྐྨྐྷ,2
ཨྴྣ,2
ཨྐྨ,2
ཨྴ,2
ཨྴྰྚྖ,2
ཀྐྵཽ,2
ཨྐྶྚ,2
རྑྑཱ,2
ཕྥུ,2
ཏྲཻཾ,2
རྫྷུ,2
ཤླཽཽོ,2
ཋྐ,2
རྡྭོ,2
ཁྲཱ,2
ཤྛི,2
དྴ,2
ཤྷེ,2
ཙྷོ,2
ཤཱུཾ,2
རྒྱྱ,2
༚,2
ཛྲོཾ,2
ཤྲོཾ,2
ཪྱོ,2
མྲོཾ,2
ཇྞཽཾ,2
ཕློ,1
ཐྔོ,1
ལྫོ,1
བྔ,1
ཊྛོ,1
ཥ༷,1
ཀ༷,1
སྐ༷,1
ན༷,1
པཱྲི,1
ཞྲེ,1
ངྑྱཱ,1
ཡློ,1
རྤྱི,1
ཕཱོ,1
ཛྫུཾ,1
ཀྶྤཾ,1
༈ྀ,1
ཕླེ,1
ཟླྜ,1
ལོྷ,1
ཀྑཱུ,1
སིྤྱི,1
མྥུ,1
རོྒྱུ,1
ཐྫོ,1
ཕྡོ,1
ཡོེ,1
ངྟོ,1
ཐིུ,1
བྐ,1
ལུྗོ,1
ཊྛིཾ,1
རྡ༵,1
པྥ,1
ཀ༵,1
ཏྠིཾ,1
གྔོ,1
སྒཱུ,1
ཎྭུ,1
ཁློ,1
ཏྗེ,1
ཎྷོ,1
བྴ,1
སིྙ,1
ཀྑཾ,1
ཎུཾ,1
ཊྛཱི,1
མྷཾ,1
ཛྰྙ,1
ཏྩོ,1
ཀྤྱི,1
ཐྲོ,1
ཀྱིིི,1
ཤཱིིི,1
ཇིིིི,1
ཀྵིི,1
ཪྭཱ,1
དྡྷིི,1
ཥྚྲཱེ,1
ཪྭི,1
ཪྶཱ,1
སཱིི,1
ཁིི,1
ཕྱིིི,1
ཪྭེ,1
བྱིིི,1
གྱིིི,1
རྫིི,1
ཀྲིི,1
ཏྲཱིིི,1
ཥྞཱིི,1
ཊྱེཾ,1
ཏྣྀ,1
མྦྀ,1
སྤཽོ,1
སྭཱོ,1
ནྀྀ,1
ཥཱུཾ,1
ཏྲྱཻཻ,1
ཤྟོཾ,1
སྥཱཾ,1
ལྷྀ,1
ཊྲུ,1
ཧཽཽཾ,1
པོུ,1
ཁྲིུ,1
འྀྀ,1
དྡྷྲཱ,1
ཁྭཾ,1
ཤླཻཾ,1
ཎྡྲུ,1
གྷླཾ,1
གྷྒྷཱྀ,1
ཊྠཾ,1
ཧྭྀ,1
ཨཱིུ,1
ཧྭཱྀ,1
ཁྲཱུ,1
ཇྀྀ,1
ཕཻིཾ,1
བྷྲཱྀུ,1
བྱཻེ,1
ཧེུ,1
དྷྭུ,1
ནྚྀ,1
ཝཱིཾ,1
བྷཱིུ,1
མཽོཾ,1
ལྟཻེ,1
ངྷྲཻ,1
བྲྀྀ,1
ཥྟྲཱུ,1
དྷྱྀ,1
ཁྱཱེ,1
ངྷྱཻ,1
གྔྷེ,1
གྔྷཱཾ,1
ངྷྭི,1
གྟུ,1
སཽོཾ,1
བྨཱ,1
ཏྡྷེ,1
ཥྵོ,1
ཀྩྀ,1
ཀྱཻཻ,1
ལིུ,1
གྲཻེ,1
ཆོི,1
༔༵༵༵,1
གྲཽོ,1
ནྡྭོ,1
ཏྲྀྀ,1
རྔཻཻ,1
དྲཽོ,1
རྨྱཾ,1
གྭཱི,1
ཥྟྲཾ,1
སྥུཾ,1
སྫཱཾ,1
དྭཱྀ,1
ཏིེ,1
ངྷྭཱ,1
ཀྟྭོ,1
རྦྟཱ,1
ནྦྷཱི,1
ཎྡྲེ,1
ཌྱུ,1
ཏྲིིཾ,1
རྗྀ,1
སྙྀྀྀ,1
སྟཱཻ,1
ཥྞཱོ,1
ཊྡོ,1
།༵༵༵༵༵,1
ལྡཻེ,1
དཽོ,1
ལླཱཾ,1
ཕྱཻེ,1
ཧཱིུཾ,1
དྒཻ,1
ཝྱུ,1
ལླཱྀྀ,1
ཨོུ,1
སྟྲྀྀ,1
སྟྲྱེ,1
ནྭཱཻ,1
རྟྲེ,1
ནྶཽ,1
ཉྫཽ,1
ངྷཱིུ,1
དྷྭྀ,1
དྟཾ,1
ཎྵཱ,1
འྭུ,1
གཱྀ,1
ཊཱེཾ,1
སྐྱཻེ,1
པྲྀྀ,1
མྦྷཱོ,1
ཧྨཱཾ,1
ནྟེཾ,1
རྟཻེ,1
ཙིེ,1
དྡྷཱཻ,1
ངཽོ,1
ཡྀྀ,1
ཏྟྀ,1
ཨོིཾ,1
ཨོེིཾ,1
ཐྭཱྀ,1
རྔྷི,1
རྐྱཻེ,1
རྔཻེ,1
ནྥ,1
མྥི,1
མྦྷྱ,1
ངྷྱཱཻ,1
མྦྷྱཱ,1
པྲཱྀྀ,1
ཀྲཱྀྀ,1
ཧྲྀྀ,1
ཤྲྀྀ,1
རྴཽ,1
དྒྷུ,1
ནྴུ,1
ཀྟྲཱི,1
དྡྷྲཱི,1
ངྐྟཱི,1
སྫྀ,1
རྩྪི,1
ཉྫིུ,1
ནྚཱིུ,1
བྦྷྱཱ,1
རྦྷྱཱོ,1
བྷྲྀྀ,1
སྫཱ,1
རྭཱཾ,1
རྷཻ,1
རྤེ,1
འཱྀ,1
པཱུཾ,1
རྔྷཾ,1
ཕྱྀྀ,1
གཽུ,1
བྷོིི,1
ཅོཻོུ,1
ཆིོུ,1
བྟཻ,1
་༵༵༵,1
རྤྤཾ,1
མྒྷ,1
རྐྲེ,1
ཌྦྷ,1
ཌྦྷཾ,1
ནྶེ,1
རྵཱུ,1
ཥྶ,1
གྔཾ,1
རྐྵུ,1
རྵྱེ,1
རྵཽ,1
ཋིཾ,1
བྦྷུཾ,1
་༵༷,1
ཚེི,1
མྟོ,1
ཏྦྷོ,1
ཥྟྱུ,1
ཏྡྷཱི,1
བྷཽོཾ,1
བྷྱཱུཾ,1
ཨཽྀ,1
དྷྭཽཽ,1
བྦྷྱཾ,1
ཀྶོ,1
ཥྠཱི,1
རྡྲྀ,1
དྒོ,1
ཀྷི,1
ཥྟྲཱོ,1
རྠཻ,1
འེུ,1
ཙཱོ,1
ཀྱཻཾ,1
རྔྷཱ,1
ཥྟྲཱེ,1
གྷྭི,1
ངྔྷྱཱ,1
ཏྱཻཻ,1
པྟཻ,1
ཥྟཱིུ,1
སྨཽོ,1
ཙཽོ,1
རྦྷྲེ,1
རྦྷཻ,1
རྞྞིཾ,1
རྞྞེཾ,1
སཽོ,1
རྲཱ,1
ཀྦྷ,1
ཀྪ,1
ཀྜ,1
ཀྐྤ,1
ལྤཱི,1
གྫྷཱ,1
བྡཱི,1
རྡྡྣ,1
སྶླཱ,1
ལྦྱ,1
དྷྨཾ,1
ཀྵྲྀ,1
རཱྀུ,1
ལྲཱྀ,1
གྦེ,1
བྷླཱྀ,1
རྞྜྣ,1
བྷྭུ,1
ཐྭཾ,1
བྚ,1
ཀྦུ,1
དྣི,1
བྷྞཽ,1
ལྙོ,1
ཊྦཱ,1
ཧྲླཱུ,1
དྷྱཱི,1
ཪྤཱཾ,1
ངྕ,1
ཌྷིཾ,1
བྦྷཾ,1
ཙྪུཾ,1
ཪྡྷཱ,1
རྫྭཱི,1
ཤྷཱ,1
ཉྤྙྤཱ,1
ལྤྙྤླཱྀ,1
ཏྚཱ,1
རྴྭ,1
ཥྡྲ,1
གྫྒཾ,1
ཪྴྭི,1
ཏྥཱ,1
གྟཾ,1
ཛྫྙི,1
ཪྚཾ,1
ཝྤཾ,1
ཏྶྣཾ,1
ཏྷྷཱ,1
ཨཱ྇,1
ཨཱིྀ,1
སྡྱཻ,1
རྟྟྲ,1
ཥྒྷ,1
ནྟྷི,1
ཏྦཱ,1
རྩྞ,1
རྠྱཾ,1
པྟྲི,1
མྶུ,1
ལླླླཱྀ,1
ལླླཱུ,1
ལླྲཱྀ,1
རྦྦྀ,1
ཏྶྨཱ,1
ཨྥྷ,1
ཨྶྚྶ,1
ཤྴླླྀ,1
ཤྴླཱྀ,1
ནྶཾ,1
རྑོ,1
རྐྵྱ,1
ཀྐྲྀ,1
གྙ,1
རྡྡྲྀ,1
ཀྤཱུ,1
ཀྷཾ,1
ཧྷཱ,1
ཡླཾ,1
རྡྡྷཾ,1
ཉྐྴི,1
པྤླཱྀ,1
ཉྤྙླྀ,1
ཤྴླྀ,1
ཆྒི,1
རྔྔ,1
མྟྲི,1
ཪྤཾ,1
ཕྥཱ,1
གྟྲི,1
ཧྭླཾ,1
ཧྭླ,1
རྔྷྀ,1
ཀྪཱི,1
ཀྑྒྷྔ,1
ཥྚྜི,1
ཪློ,1
རྐྱཱ,1
དྦྲྒྱ,1
རྦྡ,1
ཀྐྷ,1
ཀྐྷཱ,1
ངྙཾ,1
ཏྶྀ,1
བྤེ,1
རྟྒྷཱ,1
རྷྱ,1
རྞྱི,1
རྩྞི,1
ཤྩཱྀ,1
སྶླཾ,1
སྶླྀ,1
པྤླྀ,1
ཊྚླྀ,1
ཙྩླྀ,1
ངླཱ,1
ཉྙྲི,1
ངྤ,1
ནྡྭི,1
གྒྷེ,1
ཪྴྭཾ,1
བྦྷྲུ,1
ཎྡཾ,1
དྷྲཱཾ,1
མྥྱ,1
༊,1
སྠྭི,1
ཝྷཱ,1
སྶཻ,1
གྚ,1
ཀྤྐྤཱ,1
ཌྷྱཱ,1
ལྷཱྀ,1
ཀྐྲི,1
བྦི,1
རྒྶོ,1
ཤྒ,1
རྡྡཱུ,1
ཀྨཾ,1
རྞྟཱ,1
ཙིི,1
ཏྐྵི,1
ཪྤི,1
ཀྑྒྷྡྀ,1
ཉྗྙྙྷྫྪྩ,1
ཙྙྪྫྫྙ,1
ཌྒཾ,1
ཀྐླླྀ,1
ཀྐྲཱྀ,1
ཌྔྷ,1
མྡ,1
ལླྱཾ,1
རྷཱི,1
རྒྣ,1
ཌྷྞཱ,1
གྡྲྀ,1
རྟྟྲྀ,1
མྦྷཽ,1
ཐྦ,1
ནྐྲཱི,1
གྟཱ,1
རྶྭ,1
བྦྦ,1
ནྦྣ,1
ཧྷྷ,1
སྤྭ,1
གྦྦ,1
ཁྷྷ,1
བྷྷ,1
ཧྣྱི,1
མྤྲཾ,1
པྟྀ,1
ཏྶྲྀ,1
ཏྐཱུ,1
ཥྞཱིཾ,1
རྩྩཱ,1
ཙྷི,1
རྡྲཾ,1
རྤྤ,1
ཀྫ,1
ཏྐཾ,1
ཤེུ,1
རེུ,1
ཏྨྀ,1
ཌྦི,1
རྤྤཱུ,1
ཪྐུཾ,1
ཪྐི,1
ཤྫི,1
ཪྨྱཾ,1
བྷྲཻཾ,1
ལྨུ,1
ཎྚྷྜྛྜ,1
མྦྷྤྥྤ,1
ནྡྷྔྛྟ,1
ཛྐྲ,1
ཏྦླུ,1
རྡྡཱཾ,1
ཪྴཱི,1
ཪྟྲྀ,1
གྡུ,1
ཎྚྀ,1
ཙྖྫྫྙྙ,1
ཌྠྜྷྣ,1
ཏྠྡྡྷ,1
ཉྟ,1
ཙྪྭཱ,1
རྚཱ,1
ཧྨྱ,1
ངྒཱེ,1
མྨྲྀ,1
རྞྡྷ,1
ངྒྱཾ,1
ཏྒྲི,1
ནྤེ,1
ཎྜྱ,1
ཌྞི,1
ཏྨཱུ,1
ཥྐྲི,1
ཏྐྵཱི,1
ཙྖྫྡྷྷྙ,1
ཙྖྫྫྙྙཱ,1
ཀྟཻ,1
ཧྣཱེ,1
ཉྜི,1
ཀྤྲི,1
ཏྪ,1
ཪྷཱུ,1
དྡྲཱ,1
དྒྷཱི,1
ཏྶྲ,1
ཏྤྱ,1
སྡྱཱཾ,1
དྷྲཱུཾ,1
ངྷཱེ,1
ནྱཱུ,1
ཥྵྱུ,1
སྶྲཱྀ,1
དྷྷཱྀ,1
ཏྤྲྀ,1
རྡྫ,1
ཊྒྲ,1
ཪྲྀ,1
ཙྖེ,1
ཪླྱཾ,1
མྤྱཾ,1
རྟྟཱེ,1
སྡྱཽ,1
ཪྡྭཱི,1
ཛྔི,1
ཚྲྀ,1
ཚླི,1
མྡྲ,1
ཉྩྪ,1
ཏྟྭི,1
རྯི,1
ཚཱེ,1
ཚླཱི,1
ཛྷྲིུ,1
ཛྷླཱི,1
ཉླཱི,1
མླཱི,1
སྥེ,1
ཏྞཾ,1
སྡེི,1
བྷོཾ,1
སྙིེ,1
ཐྲུ,1
སྨིོ,1
རྟེོ,1
སྐྱེོ,1
རྒྱོུ,1
ཙྭོ,1
ཀྶྱཾ,1
ཨྵྩཱ,1
བྷྐྨུ,1
སྨྲཱུ,1
རུུཾ,1
སྡཱི,1
སྡོུ,1
ཀེུུཾ,1
ལྐེ,1
ལུུཾ,1
ཝིེུ,1
སྐྀ,1
རོུུ,1
སིུ,1
ཤཱཽ,1
བྡྷཽ,1
ཌྜྷཽ,1
ཙྪྲུ,1
ཚྱཱ,1
ཚྲུ,1
གྒྷི,1
ཊྚྷ,1
ཉྴེ,1
ཎྜྷཽ,1
རྟྭཾ,1
རིོ,1
ནོུ,1
ཎྜྲི,1
བྷཻེཾ,1
ལོུ,1
གིེ,1
བྱེོ,1
སྟོི,1
ཨཱོུ,1
ཁྲཱི,1
སྷཱོ,1
སྷཱུ,1
རྗཱེ,1
སྷཱི,1
འཱེ,1
སྷཱེ,1
ཉྥ,1
ནཱེི,1
གྱེི,1
གྲོེ,1
ཚོི,1
ལཽོ,1
སྲོེ,1
དྒྲ,1
རོི,1
ཧྤ,1
ལེུ,1
ཀྱེི,1
སིིི,1
ཀྭཻ,1
ནཻཻ,1
སུུཾ,1
བྷྭཱ,1
ཥྛྜ,1
ཥྲུ,1
དྷྲྱ,1
བྟྲྀ,1
ཌྷྲཱ,1
དྷླཱ,1
ཛྷྲཱ,1
ཤྟྭ,1
ཪྡྷེ,1
ཪྵྱེ,1
ཀྡྲ,1
གྔྷྭཾ,1
ཌྛི,1
ཏྦི,1
ཪྵཱུ,1
ཪྵྚཾ,1
ཪྵྚ,1
ཏྟྭོ,1
ངྪི,1
ཪྡུ,1
ཏྶྱེ,1
དྩ,1
ཧཱཻུཾ,1
སྨྤྲ,1
པྦ,1
གྦྷྱཱི,1
ཌྷྭེ,1
ངྙྞྨྣ,1
གྷྫྷྜྷྦྷྡྷ,1
ཙྲཱ,1
ཙྠི,1
ཛྙཱྀ,1
ཪྶུ,1
ཀྪཱུ,1
ངྔེ,1
སྭཽཾ,1
རྦྷྦྷྱཱཾ,1
ཧྲཱཽཾ,1
ཥྚྦྲྀ,1
ཡྦྲླྀ,1
ཡྦེ,1
རྫྫཱ,1
ནྤྱ,1
གྫྜྦྡ,1
ཁྪྛྥྠ,1
ཐྐྴྵྐྤྶ,1
ཀྶཽ,1
ཉྩྪཱུ,1
ཉྩྴཱུ,1
ཉྴཱུ,1
ཏྞྣོ,1
དྒཽ,1
ཌྦྷྱཱ,1
ནྡྭཽ,1
ཁྐོ,1
ཤྭཽ,1
ཀྩྚྤྟ,1
ཤྦྷྱ,1
ངྒྷྱ,1
རྷྷ,1
ཊྐྲྀ,1
མྨྲྲཱ,1
ཀྲཱོ,1
མྔེ,1
ཪྠཻ,1
ཧྐྵཾ,1
ཀྣུ,1
ཪྵཽ,1
ཏྦོ,1
སྠྣཱ,1
སྠྣེ,1
སྠྣཱཾ,1
ཪྐོ,1
ལྐྐྲཱ,1
ཧྦཾ,1
ཧྦཱཾ,1
ཧྡེ,1
ཐྐྵྴྙྤྶ,1
ཊྜྷི,1
མྡྷ,1
ནྟྣཱ,1
ངྲི,1
ཪྑི,1
སྡྷྭཽ,1
ཏྣྱཱ,1
ཏྡཱི,1
ཤྨཱེ,1
རྦྦྷེ,1
རྨྨཱེ,1
རྡྟི,1
ངྱོ,1
ཕཱེ,1
ཪྞྞི,1
ཥྷ,1
ཥྥེ,1
ཊྷྲ,1
ལྐྱོ,1
ཏྨྨཱ,1
ཛྫོ,1
རྡྱཻ,1
དྭཱཻ,1
ཛྲྭ,1
ཤྐེ,1
ཀྐྲོ,1
དྡྱི,1
ཤྜཱོཾ,1
སྡྷེ,1
ཌྟཱི,1
རྟྷ,1
ཇྲ,1
ཨྭི,1
ཊྡྷ,1
ཁྨ,1
ཛྷླཱ,1
ཥྣི,1
རྦྠ,1
ཐླྷཱེཾ,1
ཐྵ,1
ཪྡྷཾ,1
ཌྦྷུ,1
ཐྫ,1
ཀྵེུ,1
ངྦ,1
མྟི,1
དྐྵི,1
པྟྲཻ,1
ཥྵེ,1
ངྲཻ,1
ཊྷོ,1
ཥྴ,1
དྦྷྱུ,1
ཊྚྡྷྱ,1
ཤྵུ,1
དྞི,1
ཪྡི,1
ཏྦ,1
ལྱེཾ,1
སྨྤ,1
ཪྷྷ,1
ཤྜི,1
ཏྲྭེ,1
སྷྱ,1
སྦཱི,1
ཧྨཻ,1
རྜྷྲི,1
རྱཱེ,1
ཪྒྷ,1
རྞྣ,1
ལྩུ,1
བྵུ,1
རྒྷྲ,1
ངྦྷུ,1
ཛྷྲ,1
གྐུ,1
རྷྡྱ,1
མྲྨྀ,1
ཀྚཽ,1
སླཱི,1
ཥྲི,1
ཥྲཱི,1
ཀྵྩ,1
དྔྷཱ,1
ཥྤྲི,1
ཌྲཱི,1
ཀྵྨྲཱི,1
ཥྣུ,1
པྶོ,1
ཧྞྞཾ,1
ཥཱིཾ,1
ཏྴ,1
ཥྔ,1
ཧྱཱེ,1
ཀྴྷཱུ,1
ཥྚྲྲ,1
ཐྤ,1
ཪྡྷོ,1
ནྒ,1
ཪྦྦ,1
ཇྭཱ,1
ཊྛེ,1
པཱྀ,1
ཥྲྀ,1
ཥྲཱྀ,1
ཀྵྪོ,1
ནྡྷྭ,1
ཧྨཱེ,1
ངྫྭ,1
ཀྟྱེ,1
ཤྤྲ,1
ཙྵུ,1
ནྫྭ,1
ངྒྲི,1
ཊྡ,1
རྠྠེ,1
དྡྷྷཱཱ,1
ཪྦྷུ,1
ཪྦཾ,1
ནྶོ,1
ཏཻཾ,1
ཊྲེ,1
ཛྲུ,1
ཌྚེ,1
རྩཱུ,1
ཏྩྪ,1
ཪྞཾ,1
སྐྲོཾ,1
པྷཱ,1
བྥེ,1
ཀྡཻ,1
ཪྞྞཱ,1
ཪྷུ,1
ཡྷི,1
ཡྨ,1
ནྡྲྱཻ,1
རྨྣ,1
རྣྡྷ,1
རྟྡྷཱ,1
སྟྷྨ,1
ཁོུ,1
ཀྵྲི,1
ཪཱ,1
མྤྲི,1
ཞྭུ,1
གྟོ,1
ཤྵཱ,1
དྣཾ,1
བྙཻ,1
ནྜྷྱ,1
ཪྚ,1
ཪྞྞོ,1
རཱཻ,1
ཇཱིཾ,1
སྣཱི,1
ཪྟཾ,1
པྒ,1
ཎྩཻ,1
པྷཱུ,1
ཛྗྷེཾ,1
ཋཱེ,1
རྨྤ,1
རྡྭེ,1
ཧཱཱུ,1
ཛྫྷེ,1
ཁྷ,1
ཉྫྭ,1
ཌྡྷྱ,1
བྲཱིཾ,1
ཌྫ,1
ཥྦཱ,1
མྟཾ,1
ཨྣུ,1
ལྶ,1
སྟྲོཾ,1
མྤྱ,1
ནྛཱ,1
ཤྛཱ,1
ཎྜྱཻ,1
མྦཱེ,1
རྡོེ,1
པྦཾ,1
གྒྲ,1
ནྤྲ,1
གྐྲེ,1
ཌྜྷྱཱ,1
མྨྱེ,1
ཐྐཱ,1
ནྪ,1
ཤྠེ,1
ཊྚྲི,1
ནྟྟོ,1
ཪྐུ,1
ཪྪི,1
ཪྨི,1
མྙ,1
མཱིུ,1
དྡྷྭི,1
དྲཱུུཾ,1
རྞྞྀ,1
སྨྲུ,1
དྷྷོ,1
ཎྲྱུ,1
ཎྡོ,1
རྟྞ,1
རྦྒུ,1
དྪ,1
རྦྦྷ,1
ནྞ,1
ཧྐ,1
རྠཱེ,1
རྡྲེ,1
རྤཱི,1
ཤྷི,1
དྫེ,1
ཪྱུ,1
གླཱིཾ,1
ཪྞེ,1
ཉྫྱུ,1
ཪྨཾ,1
བྣོ,1
ཙྩུ,1
ཋྚྲོ,1
ཧྨྨཱ,1
ཀྲྭ,1
དྔྷྱ,1
ངྦི,1
ཙཻུ,1
ཏྟཱེ,1
ཪྴཾ,1
ཀེུ,1
ནཱོཾ,1
སྷྲྱ,1
དྡྷྭཱ,1
ནྜྲ,1
ཤྤཱ,1
གྷྞ,1
ཏྱཻེ,1
ཊྚཻ,1
ཏྱཱེ,1
ཇྱོ,1
པྴཱ,1
སྣྣེ,1
སྭྤ,1
རྡྱེ,1
རྦཱཻ,1
ཥྞྱུ,1
དྐྵཾ,1
གྟྲ,1
ཎྱྀ,1
རྠྠཱ,1
སྥཱོ,1
ཙྐྲ,1
ཀྴྨི,1
ཪྣི,1
སྦྦ,1
ཏྨྱོ,1
སྟྷ,1
ཥྛླ,1
ཀྵྞྣ,1
ཪྤྤི,1
ཏྐྵཱ,1
ཪྟྭ,1
ངྷྷ,1
ཅྟི,1
དྐེ,1
ཛྫྭ,1
པྦྲ,1
ཏྷྲ,1
ཪྡྲཱ,1
བྒཱུ,1
རྒྒྷ,1
མྦྦ,1
ཅྡ,1
ཪྤཱི,1
ཀྴྞ,1
ཎྡཱི,1
ཎྡྷཱ,1
ཡྟཱ,1
ཪྟཱ,1
ཎྚྱུ,1
སྒྲིཾ,1
མྒྷྲ,1
ཇྭ,1
ཀྷེ,1
ཥྚྚཱི,1
ནྟྟི,1
ཁྵུ,1
རྟཱེ,1
ལྩོ,1
ཨྴུ,1
མྑྱ,1
ཊྷེཾ,1
ཏྷྟ,1
ཏྲྷྲེ,1
ཤྷྲི,1
ཙྡ,1
པྙ,1
ཥྐཱེ,1
སྡྷི,1
པཻཾ,1
ཛྟཻ,1
ཏྱིཾ,1
ཪྷྱཾ,1
རྦྷྜྷཱ,1
ཅྪཱ,1
ངྴོ,1
ཅྱུ,1
རྫྫེ,1
ཛྤྲ,1
ཤྚེ,1
ཥྚྲཽ,1
བྷྱེཾ,1
ཐླྷཱི,1
དྷྭྭ,1
ཀྵྚྞྞ,1
ནྤུ,1
ཪྞཱཾ,1
ནྩཱ,1
དྡྷྱུ,1
ཎྡྷུ,1
ཀྵྲུཾ,1
ལྡིི,1
བྲཱིི,1
ཊཱིི,1
ཪྤྤཾ,1
ཉྐ,1
སྔྡྷྣ,1
ཆྑེ,1
ཤེི,1
ནྡྷུུ,1
རཱུུ,1
ལྨེ,1
པོི,1
ནྒྷ,1
ཏོེ,1
སོུ,1
ཤིེ,1
རྟྭ,1
ནྩྀ,1
༔ྀ,1
ཀྱེཻ,1
ཅཻེ,1
ཉྫཱེ,1
ཀྱཽ,1
པུུུ,1
ཁྲེི,1
པྱིོ,1
ཡིོ,1
བེི,1
ཏྲེི,1
ལྐུུ,1
ཧཱཻུ,1
པྭཱཾ,1
ཁྱོེ,1
སྟྭཻ,1
གྱིོ,1
ཡྶ,1
དྲེོ,1
ཡེི,1
ལྷཱོ,1
སེུ,1
འིེི,1
པཱུུ,1
རྩེི,1
ཥྜེ,1
སྣྀ,1
ཁྲོི,1
སྡོཾ,1
རྪེ,1
ནེོ,1
བོི,1
བིུ,1
པོེ,1
དོི,1
གྙི,1
རྩེོ,1
ཛོེ,1
བྱོེ,1
གྲྱི,1
སྤོཾ,1
ཉྲཾ,1
གྷྨ,1
བྷུུ,1
ཁོེ,1
གྷྭྀ,1
ལྷྭཾ,1
སྡཻེ,1
རྡྱུ,1
ཧྲེི,1
རྞཱེ,1
མིོ,1
ཛོི,1
པིོ,1
ཊྭཱོཾ,1
གཻི,1
རེོ,1
རྒུུ,1
སྤེི,1
ངྡྷཾ,1
སྷྲ,1
ངྕཱ,1
ཌྡྱ,1
ཤྭྚཾ,1
ཧྜེ,1
ཚྒོ,1
ཁྲཱིཾ,1
ཥྣེ,1
ཥྫ,1
ཪྟྱ,1
༺,1
༻,1
བླཱུ,1
ནྔྷི,1
དྡྡེ,1
ཝྭ,1
སྐྟེ,1
ཉཱུཾ,1
ཡྟ,1
ལྙ,1
ཥྣཱ,1
མྦྲ,1
རྣྟེ,1
ནྷྲ,1
ངྡྷཱ,1
ཏྱྀ,1
མྡུ,1
ཨྒྠྀ,1
ཨྣྚི,1
ཏྵྩ,1
ནྟཱོ,1
ནྴྠི,1
རྦྶ,1
བྔཱི,1
ཊྞྠི,1
ཎྛྀ,1
སྶྫུ,1
ཎཱོ,1
ཥྩྀ,1
རྟྦྷོ,1
མྵྩ,1
ལཱཻ,1
ཨྵྩིུ,1
ཙྭཱ,1
ཁྲཱོཾ,1
ཨྵྩྵྚིུ,1
ཙྐེ,1
ཇྷེ,1
ཝྨི,1
ཅྖ,1
ཆྮ,1
ཙྦེ,1
ཝྕོ,1
ཨྪོ,1
ཝྡོ,1
ཝྨ,1
ཨྖ,1
པྒྴ,1
ཤྒྟི,1
ནྴྟ,1
ཥྚིིཾ,1
པྵུ,1
ཟྦ,1
ནྟྱཱཻ,1
བྷྶྫི,1
བྷྒྟི,1
མྱྒྶ,1
ཏྡྑཾ,1
གླྖེ,1
ཝྐྦཱི,1
སྑྱ,1
ཤྩིཾ,1
ཙྮ,1
དྨཱེ,1
སྒླིཾ,1
མྱོུ,1
རྡྐ,1
རྐྩ,1
མྒྟིུ,1
བྒྴི,1
ཧྱེཾ,1
ཐཱུཾ,1
སྲེི,1
ཨྒི,1
ངྭ,1
ཨྟྩུ,1
རྐུུ,1
ཀྵྙྚ,1
མྒྟུ,1
ཛྲྙ,1
སྙྒ,1
ཏྲྮ,1
ནྟྱཱེ,1
ཨྡུ,1
ལྷྖ,1
ཀྲཱེཾ,1
གོཽ,1
ཛྷྭ,1
བྲྷ,1
ཏྲྒྴ,1
ཎྜཱེ,1
བྱཱེ,1
ཙྟྞི,1
དྟཱ,1
བཽོ,1
ཏྒྞཱི,1
ཁྠཾ,1
ཝྔོ,1
ཙྙ,1
ཆྱི,1
ཡྱཱ,1
མྦྲཱི,1
ཤྚུ,1
མྑ,1
ཧྟུ,1
ནྡྡྲ,1
པྟཱེ,1
སླུཾ,1
ཧྭེཾ,1
ཛྷཱོཾ,1
གཱཻ,1
ནྲིྀ,1
ཀྑྒ,1
ཛྟ,1
ཡྴ,1
ཀྱཽཻྀུུུ,1
ཁྱཽཻྀུུུ,1
གྱཽཻྀུུུ,1
གྷྱཽཻྀུུུུ,1
ཀྨོིཾ,1
སྱཻཾ,1
སྛཱུ,1
མྵ,1
རྡྨ,1
༈༵,1
ནྟྭི,1
ཕོུ,1
ཧྲིིཾ,1
གྷཱུཾ,1
གྷྲཱུཾ,1
ནྡྷྱཾ,1
རྚེ,1
ཀྐཱོ,1
ཤྲཱཻ,1
ཙྱཱེ,1
རྟཱོ,1
རྛི,1
ཆཽཽ,1
ཁླ,1
ཏྟྵ,1
ཨྴྟ,1
ཡཱཻ,1
པྙྐ,1
ནྣྱཻ,1
ཀྚྐོ,1
ཀཱྀུ,1
ནྭེཾ,1
ཧྲཱིིཾ,1
མྡྤཱུ,1
ཌྜོ,1
དྨཽོ,1
རྟཱུ,1
ཡཻེ,1
ཌྲཱུ,1
མྨཻ,1
ཧྞཾ,1
ཙྟྞུ,1
ཏྴྟི,1
སྤུུ,1
རྙྣ,1
ཌཱིཾ,1
རྠུ,1
ཁྭེ,1
ཟཱི,1
འཱི,1
ཆཱུ,1
ཇཱུ,1
ཞཱུ,1
ངཱེ,1
ཅཱེ,1
ཆཱེ,1
ཇཱེ,1
ཀྐཱྀ,1
ཀྶཱི,1
སྦོཾ,1
ལིིཾ,1
བྵྩཱ,1
ཀྵྨཱེ,1
ཀྔཱི,1
ཕཱཻཾ,1
དྱྀ,1
ལྱཱིཾ,1
སྨཱུ,1
གྲྞྵྀ,1
དྴུ,1
རྵྀ,1
ཏྣྚ,1
ཤྞཱ,1
དྴྟུ,1
དྦྷྲ,1
སྛཱ,1
ངྴེ,1
ཏྒཱི,1
རྡྷྲི,1
རྡྷྲ,1
ཏཻཻ,1
རྦྱོ,1
ངྟཱ,1
སྣྲཾ,1
ཙྩཱི,1
ཚྪཱུ,1
ཚྪཱྀ,1
ཚྪཱི,1
ཛྫཱུ,1
ཛྷྫྷཱུ,1
ཛྷྲཱྀ,1
ཛྷྫྷཱི,1
ཉྙཱྀ,1
ཋྀ,1
ཊྚཱུ,1
ཌྷྜྷཱུ,1
ཌྷྜྷཱི,1
ཎྞཱུ,1
པྤཱུ,1
པྤཱི,1
བྦཱུ,1
བྦཱི,1
ཏྟྲཱྀ,1
དྡྲཱྀ,1
ནྣཱུ,1
ཥྵཱུ,1
ཥྵཱི,1
ཉྭཾ,1
ཚྲཱ,1
ཕྲཱྀ,1
ནྜཻ,1
ཁྚ,1
ཧྷོ,1
ཁཱིཾ,1
ལྱེཻ,1
འོུ,1
སྒྱིུ,1
མཻེཾ,1
ཡཽོ,1
སྩཽོ,1
ལྷཱུ,1
ནྡྷཱེ,1
ཕྱྭཱ,1
སཻཾ,1
སྣཻ,1
ཛྭཱིཾ,1
ནྜཱེ,1
ཙྩོ,1
ཏྦྷཱ,1
རྦྷྱེ,1
རྦྷྀ,1
ཥྟྭཱི,1
མྲཱིཾ,1
ཥྞིཾ,1
ལྡྲ,1
མྱཱི,1
མྭུ,1
མྭེ,1
རྡུཾ,1
ཐླྷཾ,1
ཤྟཾ,1
རྟྱུ,1
རྟྲིཾ,1
མྦྷྱོ,1
ཏྵ,1
ཏྡྷཱ,1
རྱྱ,1
རྐྴ,1
ཞྭི,1
ཀྡ,1
ཀྭཱི,1
ཉྪུ,1
སྐཱི,1
སྦྷཱ,1
གྞཱ,1
ཁྷཱ,1
ཁྷི,1
ཀྷུཾ,1
མྲུཾ,1
ཌྲྭ,1
ཀྴུཾ,1
སྤྲཾ,1
ཟླཱ,1
སྙཱི,1
ཧྱུ,1
དྡྷུཾ,1
རྣྱེ,1
ངྟེ,1
ཨཱུ,1
དྡྷེཾ,1
ཥིཾ,1
ངྷྱི,1
ཌྒུ,1
ཊྷཱ,1
ཧྨུཾ,1
གླིི,1
པྱིི,1
རཱིི,1
ནིིིི,1
སྟྲཽ,1
བུུཾ,1
རྛཱ,1
ཉྫིཾ,1
སྒཾ,1
སྒྲེཾ,1
སྤེཾ,1
ནྟིིཾ,1
ཛྫྷཱུ,1
ལྤཱོ,1
ངྐཱི,1
ངྒེཾ,1
རྤཱུ,1
གློཾ,1
སྨྱོཾ,1
རྫིཾ,1
གཽཾ,1
ཙཽཾ,1
ཧྭོཾ,1
ཤྦྱུ,1
ཛྷྲིཾ,1
ཎྚེཾ,1
ཀྩཻ,1
སྐྲཱྀ,1
ཏྤཱི,1
དྱིཾ,1
ཥྠཾ,1
ཏྐྵཾ,1
ངུཾ,1
སྦྱོཾ,1
མཱཻཾ,1
ཉྪཱ,1
རྒྷྱཾ,1
སྶཱྀ,1
སྠྭ,1
ཚིུ,1
ནྡྷཱེུ,1
ཏྨཻ,1
མྭོ,1
སྟྱུ,1
སྤྲིཾ,1
ཏྐྵེ,1
སྱཱཱ,1
ཛྙཱཻ,1
སྠྲ,1
ཡྲི,1
ཛྷླ,1
ཚྲི,1
ཙླ,1
ཚྲཱྀ,1
ཋཱྀ,1
ཕཱྀ,1
ཉྤི,1
ཉྤུ,1
ཉླཾ,1
ཉྤཱི,1
ཎྚཻ,1
དྡྭི,1
དྡྷྭོ,1
ཤྴཽ,1
ལྐཱི,1
ཐྱིཾ,1
སྦུཾ,1
ཝཱཱ,1
ཀྩིི,1
ཚྪོ,1
ནྡྡ,1
ཅེི,1
ཨྱཽ,1
སྭོཾ,1
ཊྚཱུཾ,1
རྡྷྱེ,1
རྦྦཻ,1
མྣེ,1
སྨཱྀ,1
འཱཱཱུུུ,1
པྶི,1
ཤྣེ,1
སྶཽ,1
དྷྨཱུ,1
གཻཽ,1
ལྔཽ,1
ཌཱཱ,1
འིིི,1
གྷིི,1
ཥྨཱུ,1
ངྨཱ,1
ཙྪྲཱ,1
ལྟོཾ,1
རྙཾ,1
ཏྐཱོ,1
སྨྲཱྀ,1
སྷིུ,1
ཎྚཱེ,1
ཁྭོ,1
སྣཱེ,1
ཨཽིཾ,1
ཀྩཱི,1
རྞྀ,1
བྷྲེཾ,1
གྡཱ,1
ཏྛེ,1
ནྡྷུཾ,1
སྣཱཾ,1
ཀྟྭཾ,1
ཏྤཱཾ,1
ཏྠཱཾ,1
མྤུུ,1
ཤྨོ,1
གྡྷྱ,1
ཊཱཱི,1
ཏྒོ,1
ཡིེ,1
གྷླཱ,1
རྴོ,1
བྷེཻ,1
ཤྤཾ,1
ཤྲྱོ,1
ཏྐྭཱ,1
ཌཱིུ,1
སྨྱཱ,1
སཱཽུ,1
ཤྞཽ,1
མཱེཾ,1
ཌཱཻ,1
ཌྜྷི,1
ཌྣོ,1
ཉྩྨ,1
ཀྶུཾ,1
ནྶཻ,1
རྒོཾ,1
སྤྲོཾ,1
སྒེཾ,1
ཤྲྱི,1
ཊྭེ,1
རྴཻ,1
ཏྨྱུ,1
རྐྵ,1
རྡྷྀ,1
ཏྶོ,1
ཤླཽཻ,1
ཏྟྭཱཱ,1
ཌྭི,1
ཌྒོ,1
ཌཱུུ,1
ཥྨུ,1
གྷོཾ,1
རྞིཾ,1
ཎཱཻ,1
དྷཻཾ,1
ཛྲཱཻ,1
སྟུུ,1
གྱཽོ,1
དྡྷོཾ,1
རྨོཾ,1
ལྡེཾ,1
ནྡྷོཾ,1
ཥཱོ,1
ངྨེ,1
ནྲིཾ,1
མཱོཾ,1
དྡྷེུ,1
ཛྷྲི,1
ཧྲཱཱིི,1
ཥྚཽཾ,1
ཥྚྭཱཾ,1
ལྤུ,1
ཐིིཾ,1
རཱོུ,1
ཨཱེཾ,1
ཧཱཱུ,1
གྲྭེ,1
ཌྱོ,1
མྭཻ,1
ཁླི,1
ཀྐཱྀུ,1
ཌྷྜཱ,1
ཋྲཱི,1
རྛུ,1
ཀྭཱཾ,1
སྡྱེ,1
རྦཱེ,1
སྐྶཾ,1
ནྡྡུ,1
བྡྷུ,1
ཀྲཱུུ,1
གྒཱཾ,1
ངྔྀ,1
གྷྨཱ,1
ངཱོ,1
བྷྭོ,1
དྡྱཻ,1
བྣེ,1
ངྐཻ,1
བྷྣཾ,1
ནྜུ,1
ངྒྲྀ,1
ཨྠིིྀ,1
ངྨོ,1
ཥྚྲཾ,1
མྤཱི,1
སྨཱཾ,1
རྦཱྀ,1
རྲོ,1
ཀྵཱོ,1
ནྟྭོ,1
ཀྤི,1
རྦྤེ,1
ཀྭུ,1
ཏྥྀ,1
རྡྀ,1
དྲྭྀ,1
དཱིི,1
དྤྲ,1
ཤྨུ,1
སྗོ,1
རྞྞུ,1
པྡོ,1
གུུུུ,1
ཪྴཻ,1
ཏྦྷཱུ,1
ཪྤིི,1
ཊྭོ,1
པྡྷེ,1
པྡྷཽ,1
ཀྐིཾ,1
རྫྙེ,1
ཤཱུ,1
དྲཱིཾ,1
ཪྞྜ,1
ནྔཱ,1
ཧིི,1
བཱིི,1
༢༷,1
༣༷,1
༤༷,1
༥༷,1
༦༷,1
༧༷,1
རྑྲ,1
ཪྤུ,1
ཛྙཽོཾ,1
མྱུཾ,1
ལྡིཾ,1
ཤཱཱ,1
ཥྚྭཾ,1
ཨྠྀ,1
ཤཱཱུ,1
མཱཱ,1
ཉུཾ,1
གུུཾ,1
ཛྱཱཾ,1
ཀྒཾ,1
ནྟཱེ,1
རྑྷོ,1
ནིོ,1
ཪྤེ,1
མྦིུ,1
ཀཱཱ,1
གཱཱཱ,1
ངྑཱི,1
ཤྶེ,1
༟,1
ཊྚྀ,1
ནྗི,1
ཉྠ,1
ཎྡྲྱེ,1
རྔུུ,1
ཊུུ,1
ཧྭུ,1
༂,1
ས྇,1
པྲཱིཾ,1
ཌྞེཾ,1
རྞྜཱ,1
རྱཱཾ,1
ཙྫི,1
ཕྱེི,1
ཪྦཽ,1
ཉྨ,1
དྚ,1
གྲྭཱ,1
བྵ,1
ངྠ,1
